pl_name,hostname,st_spectype,st_teff,pl_rade,pl_bmasse,pl_orbper,pl_orbpererr1,pl_trandur,pl_trandep,pl_tranmid,pl_tranmiderr1,ra,dec,disc_facility,spoc_sectors,n_spoc_sectors
Kepler-817 b,Kepler-817,,5861.00,9.03000000,60.20000000,3.99010622900,0.00000135800,2.4269000,0.61549000,2455188.84073300,0.00024500,296.0818498,39.1616140,Kepler,"41,54,55,74,75",5
OGLE-TR-111 b,OGLE-TR-111,K2 V,5040.00,11.42197100,174.79900000,4.01444630000,0.00000100000,2.6797000,1.68700000,2454092.80717000,0.00016000,163.3241150,-61.4056976,OGLE,"10,11,63,64,90",5
CoRoT-18 b,CoRoT-18,G9 V,5440.00,14.68000000,1102.82000000,1.90006930000,0.00000280000,2.3870000,2.57170086,2455321.72412000,0.00018000,98.1724172,-0.0316045,CoRoT,"6,33,87",3
WASP-23 b,WASP-23,,5150.00,10.78300000,280.95000000,2.94442560000,0.00000110000,2.3942400,1.69100000,2455320.12363000,0.00012000,101.1275033,-42.7622296,SuperWASP,"6,34,61,87,88",5
OGLE-TR-211 b,OGLE-TR-211,,6325.00,15.24400000,327.35100000,3.67724000000,0.00003000000,4.4112000,0.72300000,2453428.33400000,0.00300000,160.0598236,-62.4555353,OGLE,"10,11,63,64,90",5
CoRoT-11 b,CoRoT-11,F6 V,6440.00,16.03000000,740.51000000,2.99433000000,0.00001100000,2.5009000,1.14490000,2454597.67900000,0.00030000,280.6872998,5.9376586,CoRoT,80,1
CoRoT-13 b,CoRoT-13,G0 V,5945.00,9.92000000,415.70400000,4.03519000000,0.00003000000,3.1400000,1.18504723,2454790.80910000,0.00060000,102.7211432,-5.0864557,CoRoT,"6,33,87",3
OGLE-TR-10 b,OGLE-TR-10,G2 V,5950.00,14.01100000,197.04600000,3.10127800000,,3.0720000,1.21000000,2454262.81822800,0.00030000,267.8677483,-29.8764758,OGLE,"39,91,92",3
HD 189733 b,HD 189733,K2 V,5052.00,12.66617000,359.14790000,2.21857567000,0.00000015000,1.8233621,2.40000000,2453955.52555110,0.00000880,300.1821223,22.7097759,Haute-Provence Observatory,"41,54,81",3
HAT-P-37 b,HAT-P-37,,5500.00,13.20400000,371.52800000,2.79743600000,0.00000700000,2.3304000,1.89900000,2455642.14318000,0.00029000,284.2960393,51.2691212,HATNet,"26,40,41,53,54,55,59,74,75,80,82",11
WASP-67 b,WASP-67,,5200.00,12.89035000,136.66690000,4.61442000000,0.00001000000,1.8960000,1.80000000,2456618.05370000,0.00008000,295.7438485,-19.9497314,SuperWASP,92,1
WASP-31 b,WASP-31,,6302.00,17.36300000,151.91600000,3.40590960000,0.00000500000,2.6472000,1.61500000,2455192.68870000,0.00030000,169.4388603,-19.0547781,SuperWASP,"9,36,63,90,100",5
KOI-217 b,KOI-217,,5545.00,12.44200000,,3.90512000000,0.00005000000,2.8551600,1.75600000,2454966.41400000,0.00020000,294.8654667,46.2858128,Kepler,"40,41,54,74,75,81,82",7
HAT-P-22 b,HAT-P-22,G5 V,5302.00,12.89035000,785.04010000,3.21222000000,0.00000900000,2.6530000,1.10000000,2458261.30598000,0.00006900,155.6814593,50.1287115,HATNet,"21,48,75",3
HAT-P-18 b,HAT-P-18,K2,4803.00,11.15300000,62.61000000,5.50802300000,0.00000600000,2.7144000,2.15847573,2454715.02174000,0.00020000,256.3463760,33.0123251,HATNet,"25,26,79",3
WASP-14 b,WASP-14,,6475.00,15.46842000,2809.61720000,2.24375000000,0.00001000000,2.5740000,1.00000000,2455643.79792000,0.00011000,218.2766247,21.8946875,SuperWASP,50,1
HAT-P-2 b,HAT-P-2,F8,6380.00,10.65975900,2866.81223114,5.63351580000,0.00000360000,4.2888000,0.56510000,2458657.66292000,0.00011000,245.1514324,41.0479601,HATNet,"24,25,51,52,78,79",6
HAT-P-42 b,HAT-P-42,,5743.00,14.34800000,331.80100000,4.64187800000,0.00003200000,4.0344000,0.75254475,2455952.52603000,0.00075000,135.3443583,6.0970828,HATNet,"8,34,44,45,46,61,72,88",8
HAT-P-39 b,HAT-P-39,,6430.00,17.60900000,190.37200000,3.54387000000,0.00000500000,4.1880000,0.99900000,2455208.75049000,0.00041000,113.7582526,17.8300283,HATNet,"44,45,46,71,72",5
WTS-2 b,WTS-2,K2 V,5000.00,15.27786700,355.96960000,1.01870680000,0.00000065000,1.4947875,9.15586353,2454317.81333000,0.00065000,293.7327826,36.8154936,United Kingdom Infrared Telescope,"40,41,54,55,74,75,81,82",8
HAT-P-13 b,HAT-P-13,G4,5653.00,14.25800000,270.46200000,2.91625000000,0.00001500000,3.2868100,0.72577025,2454779.92976000,0.00075000,129.8823772,47.3519076,HATNet,47,1
Kepler-77 b,Kepler-77,G5 V,5520.00,10.76100000,136.66100000,3.57878087000,0.00000023000,2.9337600,0.98490000,2455095.86572700,0.00002900,289.6079433,44.3454347,Kepler,"40,41,54,55,74,75,81",7
HATS-5 b,HATS-5,G,5304.00,10.22300000,75.32300000,4.76338700000,0.00001000000,2.9856000,1.31606298,2456273.79068000,0.00010000,67.2228465,-21.4820568,HATSouth,"5,32,98",3
WTS-1 b,WTS-1,F6 V,6250.00,16.70000000,1274.44000000,3.35205700000,0.00001300000,,1.76360000,2454318.74720000,0.00430000,293.9850284,36.2962939,United Kingdom Infrared Telescope,"40,41,54,55,74,75",6
HAT-P-45 b,HAT-P-45,,6330.00,15.98400000,283.49200000,3.12899200000,0.00002100000,3.4464000,1.34262063,2455729.98612000,0.00041000,274.3732697,-3.3810594,HATNet,80,1
HAT-P-27 b,HAT-P-27,G8,5316.00,11.43000000,197.05000000,3.03957700000,0.00000500000,1.6800000,1.43000000,2455407.90880000,0.00020000,222.7673221,5.9473626,HATNet,51,1
Kepler-422 b,Kepler-422,,5972.00,12.89000000,136.66000000,7.89144830000,0.00000050000,4.2854000,1.06126000,2455010.25005000,0.00011000,282.6296334,46.3232807,Kepler,"40,41,53,54,55,74,75,80,81,82",10
Kepler-426 b,Kepler-426,G1 V,5725.00,12.22000000,108.06000000,3.21751883000,0.00000019000,2.1910000,1.43194000,2454966.63196400,0.00004700,289.4346668,49.4734550,Kepler,"40,41,53,54,55,74,75,80,81,82",10
Kepler-428 b,Kepler-428,K1 V,5150.00,12.11000000,403.63000000,3.52563254000,0.00000015000,2.6140000,2.23350000,2455003.04800800,0.00003200,290.5817432,40.5773106,Kepler,"40,41,54,55,74,75,82",7
Kepler-425 b,Kepler-425,K1 V,5170.00,10.96200000,79.45000000,3.79701816000,0.00000019000,2.3530000,1.44312000,2454966.50878500,0.00003900,290.3579781,40.5676965,Kepler,"40,41,54,55,74,75,80,82",8
WASP-70 A b,WASP-70 A,G4,5763.00,13.04700000,187.51200000,3.71302030000,0.00000470000,3.3336000,0.97000000,2455736.50348000,0.00027000,315.4771912,-13.4333821,SuperWASP,92,1
Kepler-17 b,Kepler-17,G2 V,5781.00,14.68000000,778.65000000,1.48571080000,0.00000020000,2.2764000,2.18019000,2455185.67803500,0.00002300,298.3952437,47.8149865,Kepler,"41,54,56,74,75,76,81,82,83",9
HAT-P-1 b,HAT-P-1,G0 V,5980.00,14.78467100,166.86075000,4.46529976000,0.00000055000,2.8500000,1.44400000,2453979.93202000,0.00024000,344.4453632,38.6749190,HATNet,"56,83,84",3
HAT-P-53 b,HAT-P-53,,5956.00,14.77346200,471.65972000,1.96162410000,0.00000390000,2.7936000,1.40862146,2455829.44781000,0.00044000,21.8711012,38.9681137,HATNet,85,1
WASP-96 b,WASP-96,G8,5540.00,13.45000000,152.55000000,3.42526020000,0.00000270000,2.4264000,1.38000000,2456258.06210000,0.00020000,1.0465696,-47.3606352,SuperWASP,"2,29,69,96",4
WASP-83 b,WASP-83,G8,5510.00,11.65736000,95.34900000,4.97125200000,0.00001500000,3.3648000,1.04000000,2455928.88530000,0.00040000,190.1519558,-19.2843527,SuperWASP,"10,37,90,101",4
WASP-89 b,WASP-89,K3,5130.00,11.65736000,1875.19700000,3.35642270000,0.00000250000,2.4600000,1.49000000,2456207.02114000,0.00012000,313.9000261,-18.9714084,SuperWASP,92,1
Kepler-412 b,Kepler-412,G3 V,5750.00,15.03126900,299.07803000,1.72086040000,0.00000030000,2.0345900,1.05413000,2454966.02122000,0.00002000,286.1103053,43.6809612,Kepler,"14,26,40,41,53,55,74,75,80,81,82",11
Kepler-44 b,Kepler-44,G2 IV,5800.00,12.22000000,317.82000000,3.24672930000,0.00000300000,3.1240000,0.69982000,2455187.15640000,0.00021000,300.1023512,45.7621918,Kepler,"41,54,55,74,75,81,82",7
Kepler-41 b,Kepler-41,G2 V,5750.00,14.46000000,177.98000000,1.85555820000,0.00000052000,2.4341000,1.10373000,2455187.28048200,0.00005100,294.5132465,45.9816453,Kepler,"40,54,74,75,81,82",6
WASP-24 b,WASP-24,,6075.00,15.46842000,394.10920000,2.34121000000,0.00000200000,2.6832000,1.00000000,2455402.12744000,0.00015000,227.2154975,2.3432860,SuperWASP,51,1
WASP-21 b,WASP-21,G3 V,5800.00,11.99000000,95.34500000,4.32248200000,0.00001900000,3.3552000,1.08200000,2454743.04190000,0.00190000,347.4928024,18.3961597,SuperWASP,"56,83",2
K2-237 b,K2-237,F9 V,6180.00,16.06246934,434.15360396,2.18053332000,0.00000054000,2.9272800,1.41600000,2457706.61618000,0.00003000,253.7688479,-28.7105836,K2,"12,39,91",3
Kepler-75 b,Kepler-75,K0 V,5200.00,11.77000000,3209.90000000,8.88491160000,0.00000340000,2.0778000,1.76704000,2455640.44030000,0.00012000,291.1376203,36.5773443,Kepler,"40,41,54,74,75,81",6
Kepler-74 b,Kepler-74,F8 V,6000.00,10.76000000,200.22000000,7.34071100000,0.00000600000,3.0820000,0.86795000,2455187.56737000,0.00014000,293.0925275,41.3555095,Kepler,"40,41,54,55,74,75,81,82",8
XO-5 b,XO-5,G8 V,5430.00,12.78000000,378.20000000,4.18775580000,0.00000060000,3.1176000,1.08000000,2456864.31290000,0.00020000,116.7163868,39.0944695,XO,"47,60",2
WASP-16 b,WASP-16,,5700.00,13.67498000,394.10920000,3.11860000000,0.00001400000,2.0432740,1.20000000,2456355.79653000,0.00013000,214.6830109,-20.2754374,SuperWASP,"11,91",2
WASP-17 b,WASP-17,F4,6550.00,20.96083000,247.90740000,3.73543000000,0.00000800000,4.4232000,1.70000000,2454592.80154000,0.00005000,239.9622479,-28.0617941,SuperWASP,"12,38,91",3
WASP-26 b,WASP-26,G0,6034.00,13.56289000,270.15550000,2.75660000000,0.00001000000,2.3808565,1.00000000,2456548.80037000,0.00022000,4.6030424,-15.2674044,SuperWASP,29,1
WASP-33 b,WASP-33,A,7430.00,17.85593700,665.21819000,1.21987000000,0.00000100000,2.8536000,1.21601096,2459883.19878800,0.00020759,36.7127375,37.5504441,SuperWASP,"18,58,85",3
HATS-14 b,HATS-14,,5346.00,11.64615100,340.39593000,2.76676410000,0.00000270000,2.6421600,1.49474388,2456408.76462000,0.00021000,313.2154754,-25.6873756,HATSouth,"1,28,68,92,95",5
WASP-57 b,WASP-57,G6,5600.00,11.76945000,204.68252000,2.83891856000,0.00000081000,2.3040000,1.26900000,2456058.54910000,0.00016000,223.8199788,-2.0576866,SuperWASP,51,1
HAT-P-50 b,HAT-P-50,F5,6280.00,14.43719200,429.07050000,3.12201090000,0.00000650000,3.6744000,0.63049170,2456285.90993000,0.00036000,118.0634379,12.1393474,HATNet,"7,34,44,45,46,71,72,88",8
HAT-P-34 b,HAT-P-34,,6442.00,13.41717300,1058.37390000,5.45265400000,0.00001600000,3.1752000,0.77500000,2455431.59706000,0.00055000,303.1954355,18.1047776,HATNet,"14,41,54,81",4
WASP-37 b,WASP-37,,5800.00,13.00200000,572.07000000,3.57746900000,0.00001100000,3.1296000,1.42700000,2455338.61880000,0.00060000,221.9438866,1.0650227,SuperWASP,51,1
WASP-90 b,WASP-90,F6,6430.00,18.27067000,200.23290000,3.91624300000,0.00000300000,3.3552000,0.71000000,2456235.56390000,0.00050000,315.5319489,7.0562793,SuperWASP,"55,82",2
WASP-52 b,WASP-52,K2 V,5000.00,14.24000000,146.20000000,1.74977980000,0.00000120000,1.8096000,2.71000000,2455793.68143000,0.00009000,348.4947931,8.7610793,SuperWASP,83,1
WASP-75 b,WASP-75,F9,6100.00,14.23500000,340.06000000,2.48419300000,0.00000300000,1.9728000,1.07000000,2456016.26690000,0.00030000,342.3858995,-10.6754686,SuperWASP,"42,70,92",3
WASP-135 b,WASP-135,G5 V,5675.00,14.57170000,603.87700000,1.40137940000,0.00000080000,1.6560000,1.94000000,2455230.99020000,0.00090000,267.2848846,29.8790428,SuperWASP,"26,52,53,79,80",5
HAT-P-66 b,HAT-P-66,G0,6002.00,17.82231000,248.86089000,2.97208600000,0.00000570000,4.6992000,0.64400000,2457258.79907000,0.00072000,150.5726262,53.9508237,HATNet,"21,48,75",3
WASP-118 b,WASP-118,F6,6410.00,16.14096000,163.36462000,4.04604350000,0.00000440000,4.8048000,0.75500000,2456787.81423000,0.00062000,19.5505861,2.7027847,SuperWASP,"42,43,70",3
WASP-7 b,WASP-7,,6400.00,14.90797000,305.11680000,4.95464160000,0.00000350000,3.6390000,0.73570000,2455446.63493000,0.00030000,311.0427558,-39.2254856,SuperWASP,"27,67,94,95",4
XO-4 b,XO-4,F5 V,6397.00,14.01125000,451.31860000,4.12508000000,0.00000400000,4.4540000,0.78000000,2456878.47303000,0.00023000,110.3880285,58.2681094,Lowell Observatory,"20,47,60,74",4
KELT-2 A b,KELT-2 A,F8,6327.00,15.13215000,540.31100000,4.11379000000,0.00001000000,5.1720000,0.52000000,2459467.19898900,0.00008000,92.6640226,30.9571333,KELT,"43,44,45,71,72",5
K2-30 b,K2-30,G6 V,5425.00,11.64615100,184.02357000,4.09850300000,0.00001100000,2.3208000,1.60300000,2457063.80714000,0.00010000,52.3420548,22.2993491,K2,"42,43,44,70,71",5
WASP-101 b,WASP-101,F6,6380.00,16.02887000,162.09330000,3.58572000000,0.00000400000,2.7072065,1.30000000,2458387.83252200,0.00008600,98.3511016,-23.4860860,SuperWASP,"6,33",2
NGTS-33 b,NGTS-33,,7437.00,18.38272835,1153.71711741,2.82797200000,0.00000100000,2.6200000,1.48460000,2459986.40900000,0.00030000,107.8333348,-35.8505185,Transiting Exoplanet Survey Satellite (TESS),"87,88",2
HAT-P-30 b,HAT-P-30,F7,6304.00,16.14096000,263.79890000,2.81060000000,0.00000500000,2.2499254,1.30000000,2457775.21277800,0.00007700,123.9498431,5.8368669,HATNet,"7,34,61,88",4
WASP-155 b,WASP-155,,5660.00,13.45077684,276.82854250,3.11041300000,0.00000100000,3.1290000,0.99400000,2459852.08494000,0.00041000,347.9797230,33.0476125,SuperWASP,83,1
Kepler-855 b,Kepler-855,,5835.00,8.35000000,52.70000000,7.88663110400,0.00000246500,5.2190600,0.66815000,2455193.51434900,0.00021900,295.0949565,43.5375650,Kepler,"40,41,54,55,74,75,81,82",8
K2-29 b,K2-29,G7 V,5358.00,13.33871000,232.01590000,3.25883210000,0.00000190000,2.2200000,1.90110000,2453219.00950000,0.00220000,62.6704220,24.4016558,K2,"43,44,70,71",4
WASP-92 b,WASP-92,F7,6280.00,16.37634900,255.85315000,2.17467420000,0.00000160000,2.7672000,1.25400000,2456381.28340000,0.00027000,246.6920395,51.0411328,SuperWASP,"23,24,25,50,51,77,78,79",8
WASP-50 b,WASP-50,,5400.00,13.06969400,466.82870400,1.95510000000,0.00000500000,1.8336000,1.96349909,2458411.09342000,0.00005500,43.6880738,-10.8980242,SuperWASP,"4,31",2
Kepler-718 b,Kepler-718,,6191.00,16.56000000,,2.05234990500,0.00000015000,2.0801000,1.42806000,2455002.89062930,0.00005770,299.5618676,43.5035173,Kepler,"41,54,55,74,75,81,82",7
Kepler-720 b,Kepler-720,,5618.00,8.41000000,53.40000000,4.70832654200,0.00000073400,3.1745500,0.79127000,2455004.44652000,0.00012500,298.6356478,44.1709388,Kepler,"41,54,55,74,75,81,82",7
Kepler-686 b,Kepler-686,,5649.00,12.15000000,,1.59474546300,0.00000011300,1.9561000,1.50445000,2455003.64832230,0.00005810,285.2138190,39.0274660,Kepler,"40,41,53,54,74,80,81",7
Kepler-493 b,Kepler-493,,6457.00,15.13000000,,3.00387658100,0.00000098800,3.2585000,0.95322000,2454967.71127100,0.00027100,295.3075252,38.8815716,Kepler,"41,54,55,74,75,81,82",7
WASP-77 A b,WASP-77 A,G8 V,5617.00,13.56000000,529.31142902,1.36002939500,0.00000005700,2.1652751,1.94276945,2459957.33786000,0.00004300,37.1555223,-7.0606675,SuperWASP,"4,31",2
Kepler-548 b,Kepler-548,,5535.00,11.99000000,,4.45419433800,0.00000038300,2.3198000,1.60415000,2455005.82020600,0.00006870,299.9059167,45.4396103,Kepler,"41,54,55,74,75,81,82",7
Kepler-723 b,Kepler-723,,5539.00,12.19000000,,4.08227506800,0.00000023000,3.2379600,1.88151000,2455002.63752950,0.00004560,284.8304434,44.6580932,Kepler,"40,41,53,54,55,74,75,81,82",9
TOI-4794 b,TOI-4794,,6390.00,14.35870428,308.29355479,3.56581160000,0.00000630000,4.0150000,0.82300000,2458889.68950000,0.00071000,110.4835517,-12.5654781,Transiting Exoplanet Survey Satellite (TESS),87,1
HATS-33 b,HATS-33,,5659.00,13.78707000,378.85336000,2.54955510000,0.00000610000,2.6760000,1.49214022,2456497.23181000,0.00050000,294.6336944,-55.3302692,HATSouth,"13,27,67,94",4
TOI-2154 b,TOI-2154,,6280.00,16.28664896,292.40213444,3.82408010000,0.00000250000,2.4650000,1.14300000,2459148.60166000,0.00110000,71.0281482,84.3642652,Transiting Exoplanet Survey Satellite (TESS),"40,52,53,59,60,79,86",7
WASP-194 b,WASP-194,,6405.00,15.47960235,373.13054982,3.18338700000,0.00000040000,2.0170000,1.01430000,2457449.05110000,0.00030000,295.3877064,56.2178049,SuperWASP,"40,41,50,54,55,56,57,60,74,75,76,77,81,82,83",15
WASP-8 b,WASP-8,G8 V,5600.00,12.66617000,807.28820000,8.15872000000,0.00001500000,4.3968000,1.30000000,2458301.80945000,0.00010000,359.9008737,-35.0313349,SuperWASP,"2,29,69,96",4
KELT-12 b,KELT-12,,6279.00,19.95202000,301.93850000,5.03162300000,0.00003200000,5.7624000,0.59600000,2457083.66045900,0.00089400,267.6404906,36.5701761,KELT-North,"25,26,40,53,79,80",6
KELT-7 b,KELT-7,F,6768.00,17.93440000,441.78370000,2.73477000000,0.00000400000,3.5112000,0.83000000,2459109.13844700,0.00005100,78.2955912,33.3179532,KELT,"19,43,44,45,59,71,73,86,1751",9
Kepler-423 b,Kepler-423,G4 V,5560.00,13.36100000,189.10100000,2.68432850000,0.00000007000,2.7220000,1.58720000,2454966.35480997,0.00002124,292.8557189,46.3911883,Kepler,"40,41,54,55,74,75,81",7
TOI-3819 b,TOI-3819,,5859.00,13.13692538,352.78953177,3.24431410000,0.00000550000,2.7790000,0.61300000,2459502.74370000,0.00038000,121.8632568,29.3886446,Transiting Exoplanet Survey Satellite (TESS),"44,45,46,47,71,72",6
WASP-136 b,WASP-136,F,6250.00,16.81347105,479.92089457,5.21536178778,0.00000268524,5.5895721,0.52058347,2456776.90550000,0.00110000,0.3257610,-8.9262512,SuperWASP,"29,42,70,92",4
WASP-185 b,WASP-185,G0 V,5900.00,14.01125000,311.47340000,9.38755000000,0.00002000000,4.6080000,0.73000000,2456935.98200000,0.00200000,214.0595791,-19.5423062,WASP-South,91,1
Kepler-670 b,Kepler-670,,5709.00,13.18000000,,2.81650485200,0.00000015200,2.5052200,1.68137000,2455003.96768700,0.00004390,297.0154644,49.2252988,Kepler,"41,54,55,56,74,75,76,81,82,83",10
TOI-4961 b,TOI-4961,,5380.00,12.34108775,572.09113260,7.47918200000,0.00000820000,3.5280000,1.54100000,2459884.82079000,0.00036000,192.5018624,-59.8919345,Transiting Exoplanet Survey Satellite (TESS),"64,65,99,100,101",5
TOI-1420 b,TOI-1420,,5510.00,11.89000000,25.10000000,6.95610630000,0.00000170000,3.3720000,1.39600000,2459517.43305000,0.00012000,322.9418092,66.3490054,Transiting Exoplanet Survey Satellite (TESS),"16,24,56,57,58,77,78,83,84,85",10
Kepler-490 b,Kepler-490,,6045.00,11.65000000,,3.26869515400,0.00000023000,3.4531500,1.00914000,2454970.48170670,0.00005710,295.0256620,46.9559536,Kepler,"40,41,54,55,74,75,81,82",8
HATS-66 b,HATS-66,,6626.00,15.81589900,1694.03390000,3.14143910000,0.00000740000,4.5432000,0.54330349,2457603.05140000,0.00140000,101.3948048,-33.8816918,HATSouth,"33,34,87",3
WASP-1 b,WASP-1,F7 V,6110.00,16.62300000,271.41500000,2.51994540000,0.00000050000,3.7121363,1.24293725,2453912.51510000,0.00027000,5.1669536,31.9899732,SuperWASP,"57,84",2
HAT-P-44 b,HAT-P-44,,5295.00,13.92200000,111.87100000,4.30121900000,0.00001900000,3.1248000,2.20500000,2455696.93695000,0.00024000,213.1438604,47.0147826,HATNet,"23,49,50,76,77",5
HATS-56 b,HATS-56,,6536.00,18.92079200,191.33366000,4.32479900000,0.00002700000,4.6416000,0.63800000,2457788.00290000,0.00120000,180.1650720,-45.7994559,HATSouth,"37,64,90,99,100,101",6
TOI-2046 b,TOI-2046,F8 V,6250.00,16.14093221,731.00533610,1.49718420000,0.00000310000,2.4100000,1.62662492,2457792.27670000,0.00240000,16.1849423,74.3313055,Transiting Exoplanet Survey Satellite (TESS),"58,59,78,79,85,86",6
HAT-P-33 b,HAT-P-33,F4,6446.00,20.73665000,292.40360000,3.47447000000,0.00000100000,4.4136000,1.10000000,2458078.12991800,0.00008800,113.1842383,33.8350214,HATNet,"20,44,45,46,47,60",6
HATS-16 b,HATS-16,G3 V,5738.00,14.57170000,1039.30410000,2.68650200000,0.00001100000,2.6208000,1.21353375,2456824.79069000,0.00076000,358.5588439,-30.0130385,HATSouth,"2,29,69,96",4
WASP-62 b,WASP-62,,6230.00,14.79588000,165.27160000,4.41195000000,0.00000300000,3.8160000,1.20000000,2458851.09933800,0.00002700,87.1398205,-63.9883286,SuperWASP,"1,2,3,4,6,7,8,9,10,11,12,13,27,28,29,30,31,32,33,34,36,37,38,39,61,62,64,65,68,69,87,88,89,94,95,96,97,98",38
TOI-1516 b,TOI-1516,F8 V,6520.00,15.24421375,1004.33776612,2.05601400000,0.00000200000,2.8260000,1.74530000,2458765.32500000,0.00010000,340.0846204,69.5037313,Transiting Exoplanet Survey Satellite (TESS),"57,58,77,78,84,85",6
Kepler-731 b,Kepler-731,,5849.00,13.88000000,,3.85560355100,0.00000029200,3.2096900,1.74707000,2455003.67888610,0.00006070,296.3931945,45.5685330,Kepler,"41,55,74,75,81,82",6
WASP-2 b,WASP-2,K1,5180.00,12.11692900,295.89973000,2.15217500000,0.00001200000,1.7882400,1.64600000,2458339.00342000,0.00028000,307.7255587,6.4293305,SuperWASP,"54,81",2
WASP-28 b,WASP-28,F8,6084.00,13.66374747,282.54945382,3.40883495000,0.00000015000,3.2388000,1.33960000,2457642.50212600,0.00001400,353.6162694,-1.5799849,SuperWASP,"42,70,92",3
Kepler-856 b,Kepler-856,,5535.00,9.30000000,63.30000000,8.02768059500,0.00000201300,3.1401000,0.87254000,2455193.17147600,0.00017900,289.6038379,46.3149097,Kepler,"40,41,53,54,55,74,75,80,82",9
WASP-180 A b,WASP-180 A,F7 V,6600.00,13.89916000,286.04700000,3.40926400000,0.00000100000,3.1176000,1.23000000,2457763.31500000,0.00010000,123.3922465,-1.9827874,SuperWASP,"34,61,88",3
WASP-98 b,WASP-98,G7,5473.00,12.82309600,293.03926000,2.96264036000,0.00000043000,1.9080000,2.57000000,2456333.39207500,0.00008200,58.4290113,-34.3282716,SuperWASP,"4,31",2
TOI-3135 b,TOI-3135,,5890.00,13.65253849,327.36325921,3.70655850000,0.00000130000,2.2300000,1.61600000,2459595.16441000,0.00018000,207.8592276,-69.7725635,Transiting Exoplanet Survey Satellite (TESS),"65,99,100,101",4
TOI-4087 b,TOI-4087,,6060.00,13.04725353,232.01473711,3.17748350000,0.00000094000,2.9842000,1.15650000,2459244.56641400,0.00009300,217.9257785,83.3727061,Transiting Exoplanet Survey Satellite (TESS),"40,41,47,52,53,59,60,73,74,75,79,86",12
K2-140 b,K2-140,G6 V,5585.00,13.56286665,295.58041851,6.56918800000,0.00003100000,3.8100000,1.55700000,2457588.28509000,0.00005000,188.1373172,-9.6076115,K2,"46,91",2
Kepler-433 b,Kepler-433,,6360.00,16.25000000,896.24000000,5.33408384000,0.00000110000,6.1780000,0.51061000,2454964.98152000,0.00015000,297.5936232,40.9772546,Kepler,"54,55,74,81,82",5
HATS-43 b,HATS-43,,5099.00,13.22662000,82.95363000,4.38884970000,0.00000590000,2.9884800,2.49645478,2457636.08946000,0.00025000,80.5382418,-30.9708179,HATSouth,"5,6,32",3
TOI-4773 b,TOI-4773,,6740.00,15.22179579,1687.66884117,1.74528510000,0.00000140000,1.9608000,0.75100000,2459673.53995000,0.00028000,114.9426489,-21.4856184,Transiting Exoplanet Survey Satellite (TESS),"61,88",2
Kepler-685 b,Kepler-685,,5963.00,10.58000000,78.80000000,1.62552220000,0.00000015500,2.3878500,0.79690000,2455003.82667100,0.00007420,293.8719143,38.4229184,Kepler,"40,41,54,55,74,75,81,82",8
WASP-87 b,WASP-87,,6450.00,15.52446500,692.86940000,1.68279500000,0.00000190000,3.0314666,0.76500000,2457082.07656000,0.00021000,185.3246821,-52.8408163,Anglo-Australian Telescope,"10,11,37,99,100,101",6
OGLE2-TR-L9 b,OGLE2-TR-L9,,6933.00,18.04600000,1430.17500000,2.48553350000,0.00000070000,2.7385746,1.17700000,2454492.79765000,0.00039000,166.9798793,-61.1462496,OGLE,"10,11,37,64,90,99,100",7
NGTS-15 b,NGTS-15,G6 V,5600.00,12.32987877,238.68913366,3.27623000000,0.00001000000,2.5040000,1.13049750,2458405.05580000,0.00070000,73.3553101,-32.8003484,Next-Generation Transit Survey (NGTS),98,1
TOI-5592 b,TOI-5592,,6237.00,17.14974047,285.72773789,2.60858460000,0.00000180000,1.9850000,1.26000000,2459794.01216000,0.00032000,106.6800684,65.8572490,Transiting Exoplanet Survey Satellite (TESS),"60,74",2
TOI-3464 b,TOI-3464,,6370.00,13.76462830,397.28550875,3.65155680000,0.00000600000,2.5080000,0.65400000,2459703.56516000,0.00080000,234.4830357,-44.7899772,Transiting Exoplanet Survey Satellite (TESS),65,1
WASP-32 b,WASP-32,,6140.00,10.76064000,835.89290000,2.71866000000,0.00000200000,2.4240000,1.10000000,2456523.97994000,0.00017000,3.9617073,1.2005122,SuperWASP,42,1
WASP-66 b,WASP-66,,6600.00,15.69260000,746.90050000,4.08605000000,0.00000700000,4.5024000,0.67000000,2457477.71072000,0.00027000,158.2250301,-34.9899074,SuperWASP,"9,36,63,90,99,100",6
KELT-18 b,KELT-18,F4 V,6670.00,17.59813000,375.03940000,2.87175180000,0.00000280000,4.6440000,0.71600000,2457542.52504000,0.00039000,216.5238248,59.4442735,KELT-North,"23,48,50,75,77",5
CoRoT-1 b,CoRoT-1,G0 V,5950.00,16.70000000,327.35000000,1.50895570000,0.00000640000,2.3730000,1.92654000,2454159.45320000,0.00010000,102.0798591,-3.1021394,CoRoT,"6,33,87",3
WASP-84 b,WASP-84,K0,5280.00,10.72000000,220.00000000,8.52349648000,0.00000060000,2.7600000,1.72300000,2457956.71194000,0.00011000,131.1069959,1.8598933,SuperWASP,"34,61,88",3
K2-371 b,K2-371,,4925.00,13.02400000,,3.11490500000,0.00000900000,2.3592000,2.84600000,2457141.41760000,0.00010000,128.0670932,11.6307099,K2,"7,34,44,45,46,72",6
HATS-54 b,HATS-54,G6 V,5621.00,11.37711541,239.32479047,2.54417650000,0.00000240000,2.4680000,0.67800000,2457780.01023000,0.00061000,200.6348641,-44.6888393,HATSouth,"37,64,101,102",4
TOI-5340 b,TOI-5340,,5990.00,15.07607904,270.15414595,4.93943920000,0.00000710000,4.9800000,0.56300000,2459712.57912000,0.00050000,59.3094816,22.3783373,Transiting Exoplanet Survey Satellite (TESS),71,1
HAT-P-19 b,HAT-P-19,K1,4962.00,11.29865255,88.03846874,4.00878322000,0.00000019000,2.8368000,2.14837462,2456610.86394500,0.00007100,9.5165832,34.7114025,HATNet,"57,84",2
HATS-57 b,HATS-57,,5587.00,12.76705100,1000.21101000,2.35062100000,0.00000130000,2.4885600,1.59400000,2457778.49589000,0.00025000,60.9482779,-19.0568182,HATSouth,31,1
WASP-34 b,WASP-34,,5700.00,11.20900000,177.98480000,4.31768000000,0.00000500000,2.1024000,1.30000000,2458654.36450000,0.00013000,165.3993679,-23.8609457,SuperWASP,"9,36,63,90,100",5
WASP-3 b,WASP-3,,6400.00,15.91678000,772.32690000,1.84683000000,0.00000200000,2.7883000,1.10000000,2455554.83317000,0.00007000,278.6317411,35.6614312,SuperWASP,"26,40,53,54,74,80,81",7
NGTS-17 b,NGTS-17,G4 V,5650.00,13.89913607,242.82090295,3.24253000000,0.00001000000,3.3910000,0.80330221,2458442.52190000,0.00090000,72.9005729,-34.2262128,Next-Generation Transit Survey (NGTS),98,1
TOI-615 b,TOI-615,F2 V,6850.00,18.97680433,138.25535705,4.66159830000,0.00000250000,4.2410000,1.19720000,2459259.49383000,0.00017000,133.4086892,-40.5437010,Transiting Exoplanet Survey Satellite (TESS),"35,62,89",3
WASP-60 b,WASP-60,G1 V,5900.00,9.86392000,174.80650000,4.30500000000,0.00000600000,3.5311266,0.60000000,2456952.43264000,0.00017000,356.6667136,31.1559115,SuperWASP,"57,84",2
HAT-P-32 b,HAT-P-32,,6001.00,22.19382000,216.12440000,2.15000820000,0.00000013000,3.1204800,2.21600000,2455867.40274300,0.00004900,31.0427614,46.6878512,HATNet,58,1
WASP-19 b,WASP-19,G8 V,5616.00,15.86070769,366.77398168,0.78883852000,0.00000075000,1.6070000,2.07700000,2456402.71280000,0.00170000,148.4167672,-45.6591078,SuperWASP,"9,36,62,63,89,90,99",7
WASP-41 b,WASP-41,,5545.00,12.32990000,270.15550000,3.05240000000,0.00000100000,2.6376000,1.90000000,2457077.22944100,0.00007100,190.6188034,-30.6398176,SuperWASP,"10,37,64,101",4
WASP-131 b,WASP-131,G0,5990.00,13.74221034,86.76715511,5.32201250000,0.00000100000,3.8450000,0.65170000,2458282.25880000,0.00019000,210.1935714,-30.5836084,SuperWASP-South,"11,64,102",3
HAT-P-63 b,HAT-P-63,,5400.00,12.54284940,195.14664190,3.37772800000,0.00001300000,2.9330000,1.72904350,2456382.94256000,0.00053000,269.5720695,5.7613709,HATNet,80,1
TOI-6420 b,TOI-6420,,6020.00,11.93756445,2606.19293740,6.96150800000,0.00001200000,2.7504000,0.64900000,2459909.27030000,0.00120000,125.5443036,-19.1242852,Transiting Exoplanet Survey Satellite (TESS),88,1
KELT-24 b,KELT-24,F7,6426.00,12.71098411,1458.83238813,5.55149296000,0.00000050000,4.3032000,0.75730000,2459173.34742600,0.00003400,161.9090273,71.6557270,KELT-North,"14,20,21,40,41,47,48,60,74,75",10
WASP-13 b,WASP-13,,5950.00,13.67498000,114.41880000,4.35301000000,0.00000300000,4.0030000,0.84000000,2458883.80332000,0.00022000,140.1029654,33.8823291,SuperWASP,21,1
TOI-2416 b,TOI-2416,,5808.00,9.86390302,953.48522100,8.27547900000,0.00000900000,3.7550000,0.65100000,2458359.48840000,0.00090000,57.3389409,-60.7871861,Transiting Exoplanet Survey Satellite (TESS),"28,29,30,31,38,62,65,69,95,96,97",11
WASP-102 b,WASP-102,,5990.00,14.90794433,197.68926915,2.70981300000,0.00000030000,3.2820000,0.99490000,2457109.45577000,0.00016000,336.4643016,15.8566392,SuperWASP,83,1
HATS-32 b,HATS-32,,5700.00,14.00004100,292.40360000,2.81265480000,0.00000550000,2.8536000,1.39940625,2456454.62520000,0.00110000,346.0750861,-21.2720168,HATSouth,"2,29,69,96",4
HAT-P-46 b,HAT-P-46,,6120.00,14.39200000,156.68400000,4.46312900000,0.00004800000,3.0984000,0.79838271,2455701.33646000,0.00047000,270.4441831,-2.9709800,HATNet,80,1
WASP-11 b,WASP-11,K3 V,4800.00,12.44199000,251.08570000,3.72247000000,0.00000700000,2.5560000,1.60000000,2456933.61531600,0.00005000,47.3689472,30.6733817,SuperWASP,"42,58,85",3
WASP-192 b,WASP-192,G0 V,5910.00,13.78707000,731.00900000,2.87867650000,0.00000280000,2.3136000,0.92600000,2457271.33310000,0.00170000,223.6587187,-38.7445469,WASP-South,"38,65,102",3
WASP-44 b,WASP-44,G8 V,5420.00,12.32990000,276.51210000,2.42380400000,0.00000800000,2.2368000,1.56000000,2458338.10238400,0.00036400,3.9032733,-11.9382645,SuperWASP,3,1
HAT-P-5 b,HAT-P-5,G,5960.00,13.56289000,311.47340000,2.78849000000,0.00002500000,2.9462464,1.20000000,2455432.45510000,0.00010000,274.4055335,36.6214617,HATNet,"26,40,53,54,74,79,80",7
HAT-P-8 b,HAT-P-8,F6,6200.00,15.69260000,406.82240000,3.07634000000,0.00000400000,3.9016058,0.83000000,2456052.75596000,0.00024000,343.0414932,35.4471778,HATNet,"56,83",2
HD 209458 b,HD 209458,G0 V,6091.00,15.58051000,232.01590000,3.52474859000,0.00000038000,3.0720000,1.50000000,2451659.93742000,0.00002000,330.7950219,18.8842419,W. M. Keck Observatory,"56,82",2
KELT-3 b,KELT-3,,6304.00,17.48604000,616.59020000,2.70339000000,0.00001000000,3.1512000,0.89000000,2458872.85437300,0.00009500,148.6431193,40.3879446,KELT,"21,48",2
WASP-133 b,WASP-133,G4,5700.00,13.56289000,368.68280000,2.17642300000,0.00000100000,3.4392000,0.81146830,2457116.98740000,0.00020000,314.5754375,-35.7966224,SuperWASP-South,"68,95",2
TOI-564 b,TOI-564,,5640.00,11.43318000,464.98529000,1.65114400000,0.00001800000,1.0272000,0.92000000,2458549.57554000,0.00045000,130.2951535,-16.0363275,Transiting Exoplanet Survey Satellite (TESS),"8,34,61,88,99",5
HATS-55 b,HATS-55,,6214.00,14.02245900,292.72143000,4.20420010000,0.00000330000,2.7837600,1.20800000,2457413.13042000,0.00051000,114.2833819,-32.7554188,HATSouth,"34,61,88",3
WASP-183 b,WASP-183,G9,5313.00,16.47723000,159.55066000,4.11177710000,0.00000510000,2.0160000,2.26000000,2457796.18450000,0.00240000,163.7888521,-0.7370663,SuperWASP,"35,45,46,72",4
WASP-170 b,WASP-170,,5600.00,12.28506400,508.52800000,2.34478022000,0.00000360000,2.0400000,1.38200000,2457802.39150000,0.00020000,135.4163028,-20.7203686,SuperWASP-South,"35,61,62,89,99",5
HATS-10 b,HATS-10,,5880.00,10.86152100,167.17858000,3.31284600000,0.00000580000,3.0072000,0.94731664,2456457.88193000,0.00022000,294.3068385,-22.2044872,HATSouth,92,1
WASP-49 b,WASP-49,G6 V,5600.00,12.44199000,117.59710000,2.78174000000,0.00000600000,2.1400000,1.40000000,2457377.59693400,0.00008000,91.0897193,-16.9653901,SuperWASP,"6,33,87,98",4
WASP-15 b,WASP-15,F7,6300.00,15.80469000,171.62820000,3.75210000000,0.00001000000,3.7128000,0.97000000,2456036.76051000,0.00015000,208.9280111,-32.1597118,SuperWASP,"11,102",2
K2-31 b,K2-31,G7 V,5280.00,11.88154000,563.83042000,1.25785000000,0.00000200000,0.9816000,0.73853107,2457191.70889000,0.00024000,245.4405531,-23.5482730,K2,91,1
HAT-P-7 b,HAT-P-7,F6 V,6389.00,16.92559000,584.80720000,2.20474000000,0.00001700000,3.8821600,0.60000000,2454954.35857200,0.00000400,292.2471900,47.9695429,HATNet,"14,15,40,41,54,55,74,75,81,82",10
WASP-63 b,WASP-63,,5550.00,15.80469000,117.59710000,4.37808000000,0.00000600000,5.3900978,0.61000000,2458574.77102000,0.00017000,94.3363562,-38.3233826,SuperWASP,"6,7,32,33,87,98",6
HATS-62 b,HATS-62,,5416.00,11.82549500,56.89157000,3.27688370000,0.00000330000,2.7652800,1.55661441,2455808.05158000,0.00043000,312.4493079,-24.3035060,HATSouth,92,1
NGTS-18 b,NGTS-18,G5 V,5610.00,13.56286665,129.99181846,3.05125000000,0.00001000000,3.6010000,0.94030926,2458564.45060000,0.00070000,180.5462193,-35.5486091,Next-Generation Transit Survey (NGTS),"63,90,100,101",4
TOI-157 b,TOI-157,G9 IV,5404.00,14.41477400,375.03940000,2.08454350000,0.00000230000,2.1458400,1.28300000,2458326.54771000,0.00022000,73.7014398,-76.6806061,Transiting Exoplanet Survey Satellite (TESS),"9,11,12,13,27,28,29,30,31,32,33,34,35,36,37,38,39,61,62,63,64,65,66,67,68,69,87,88,89,90,93,94,95,96,98",35
TOI-1333 b,TOI-1333,,6274.00,15.64776400,753.25710000,4.72021900000,0.00001100000,4.6416000,0.55500000,2458913.37033000,0.00045000,325.0145363,48.4067674,Transiting Exoplanet Survey Satellite (TESS),"56,76",2
Kepler-1976 b,Kepler-1976,,5712.00,12.21000000,,4.95931924400,0.00000051500,2.2273900,0.98020000,2455005.25852920,0.00008270,292.1670600,48.7275345,Kepler,"74,75,81,82",4
HAT-P-61 b,HAT-P-61,,5587.00,10.07687365,335.94462620,1.90231289000,0.00000077000,1.6580000,1.07178932,2457851.21119000,0.00047000,75.4801665,50.1311784,HATNet,"59,73,86",3
WASP-121 b,WASP-121,F6 V,6628.00,19.52604438,371.85923619,1.27492504000,0.00000015000,2.9053000,1.50180000,2458661.56378300,0.00003000,107.6002312,-39.0972705,SuperWASP,"7,33,34,61,87,88",6
K2-113 b,K2-113,G,5660.00,12.14000000,410.00070000,5.81768500000,0.00004100000,3.0744000,0.83780000,2457398.70433000,0.00030000,19.4493823,6.8688469,K2,"42,43,70",3
TOI-150.01,TOI-150,F,6255.00,14.06729500,797.75330000,5.85748700000,0.00008900000,5.1200000,0.64897302,2458326.27730000,0.00086000,112.9654210,-73.6060358,Transiting Exoplanet Survey Satellite (TESS),"9,10,11,12,13,27,28,29,30,31,32,33,34,35,36,37,39,61,62,63,64,65,66,67,68,69,87,88,89,90,93,94,95,96,97,98",36
TOI-2107 b,TOI-2107,,5627.00,13.57407563,263.79757781,2.45454670000,0.00000130000,2.5956000,2.13100000,2459228.98176000,0.00024000,286.7965405,-58.6968348,Transiting Exoplanet Survey Satellite (TESS),"67,93,94",3
HATS-22 b,HATS-22,K V,4803.00,10.68217700,870.85420000,4.72281240000,0.00000520000,2.1912000,2.26753813,2457078.58030000,0.00022000,174.0098693,-29.5433642,HATSouth,"10,36,63,90,100,101",6
HAT-P-38 b,HAT-P-38,G5,5330.00,9.24700000,84.85700000,4.64038200000,0.00003200000,3.0408000,0.99549099,2455863.11957000,0.00035000,35.3834942,32.2460441,HATNet,"58,85",2
HAT-P-64 b,HAT-P-64,,6457.00,19.08889413,184.34047606,4.00723200000,0.00000170000,4.9250000,1.03600000,2457751.46354000,0.00063000,68.9743955,2.4312732,HATNet,98,1
HATS-40 b,HATS-40,,6460.00,17.71022000,505.34970000,3.26427360000,0.00000580000,5.3304000,0.50115725,2456962.67600000,0.00100000,100.5712467,-29.7767800,HATSouth,"33,87",2
HATS-51 b,HATS-51,,5758.00,15.80469000,244.09344000,3.34887020000,0.00000390000,3.3216000,1.09871748,2457042.00405000,0.00058000,102.8474248,-29.0586551,HATSouth,"33,34,87",3
WASP-97 b,WASP-97,G5,5640.00,12.77826000,432.24880000,2.07276000000,0.00000100000,2.5824000,1.20000000,2458355.49042400,0.00006195,24.6051389,-55.7720006,SuperWASP,"2,29,69,96",4
WASP-46 b,WASP-46,G6 V,5600.00,13.15936600,607.05530000,1.43036763000,0.00000093000,1.6165994,1.89607123,2455392.31659000,0.00058000,318.7370122,-55.8718634,SuperWASP,"1,27,67,94,95,102",6
WASP-48 b,WASP-48,,5920.00,16.81350000,254.26400000,2.14363000000,0.00000300000,3.1539349,0.96000000,2456176.98991000,0.00012000,291.1623865,55.4730273,SuperWASP,"23,26,40,41,53,54,55,56,60,73,74,75,76,80,81,82,83",17
WASP-6 b,WASP-6,,5438.00,12.54284940,148.42586607,3.36100260000,0.00000061000,2.5685869,2.40817811,2454596.43260000,0.00076200,348.1571282,-22.6741248,SuperWASP,"2,29,69",3
TrES-5 b,TrES-5,,5171.00,13.38354600,568.91570000,1.48224686000,0.00000614000,1.5950000,2.19200000,2456458.59219000,0.00009000,305.2219454,59.4489033,TrES,"41,55,56,57,75,77,82,84",8
WASP-114 b,WASP-114,G0,5940.00,15.00885100,562.24127000,1.54877430000,0.00000120000,2.7820800,0.92700000,2456667.73582000,0.00021000,327.6656953,10.4629385,SuperWASP-North,"55,82",2
WASP-25 b,WASP-25,,5697.00,13.80946422,179.25522155,3.76483370000,0.00000120000,2.7599960,2.22571184,2455274.99649000,0.00100000,195.3597581,-27.5222273,SuperWASP,"10,101",2
TOI-1295 b,TOI-1295,F,6280.00,15.69257298,451.31633794,3.19688380000,0.00000050000,6.2000000,0.79589807,2459913.37999000,0.00020000,256.6722026,67.8715032,Transiting Exoplanet Survey Satellite (TESS),"23,24,25,26,40,41,47,48,49,50,51,52,53,54,55,56,57,59,60,73,74,75,76,77,78,79,80,81,83,84,85,86",32
XO-1 b,XO-1,G1 V,5750.00,12.77826000,263.79890000,3.94153000000,0.00002700000,2.9712000,1.80000000,2455385.51978000,0.00005000,240.5492745,28.1696248,XO,"24,51",2
WASP-190 b,WASP-190,F6 IV-V,6400.00,12.89035000,317.83000000,5.36775300000,0.00000400000,4.4640000,0.62000000,2457799.12560000,0.00070000,7.7095292,-40.5734613,WASP-South,"29,69,96",3
HATS-26 b,HATS-26,F,6071.00,19.61575000,206.58950000,3.30238810000,0.00000760000,5.2152000,0.80276122,2456867.42320000,0.00120000,144.9268593,-28.5856004,HATSouth,"8,9,35,62,89,99",6
WASP-186 b,WASP-186,F,6361.00,12.44199000,1341.24260000,5.02679900000,0.00001200000,2.7040000,0.61000000,2456237.11950000,0.00090000,18.9953122,21.6169065,SuperWASP,"42,57,84",3
TOI-3894 b,TOI-3894,,6000.00,15.27784069,260.61929374,4.33454000000,0.00000220000,3.5950000,0.89780000,2459250.50777000,0.00037000,201.3748265,52.7681036,Transiting Exoplanet Survey Satellite (TESS),"49,76",2
WASP-68 b,WASP-68,G0,5910.00,14.79588000,343.25640000,5.08430000000,0.00001500000,5.0844391,0.57000000,2456802.08922000,0.00030000,305.0957239,-19.3147271,SuperWASP,92,1
HAT-P-56 b,HAT-P-56,F8,6566.00,16.92559000,734.18730000,2.79083000000,0.00000500000,2.2599869,1.10000000,2456774.09164000,0.00011000,100.8480137,27.2521823,HATNet,"43,44,45,71,72",5
WASP-79 b,WASP-79,F5,6600.00,17.14974047,270.15414595,3.66239200000,0.00000400000,3.7669692,1.22536583,2458160.18696800,0.00003900,66.3709016,-30.6004362,SuperWASP,"4,5,31,32",4
HATS-13 b,HATS-13,,5523.00,13.58530800,172.58169000,3.04404990000,0.00000270000,2.6347200,2.28070102,2456340.31705000,0.00026000,316.9614798,-26.0967205,HATSouth,"1,28,68,92,95",5
TOI-4379 b,TOI-4379,,6020.00,16.69017226,353.74301699,3.25352000000,0.00002000000,5.1923833,0.61150131,2459734.26900000,0.04800000,252.0478813,-32.4337532,Transiting Exoplanet Survey Satellite (TESS),"39,66,91,93",4
HATS-67 b,HATS-67,,6594.00,18.88716500,460.85350000,1.60917880000,0.00000400000,1.9464000,1.34500000,2457796.88127000,0.00043000,180.2087883,-46.1364201,HATSouth,"37,64,90,99,100,101",6
Gaia-1 b,Gaia-1,,5470.00,13.77583728,533.95172376,3.05252400000,0.00001700000,2.2564388,1.58532048,2458468.68524000,0.00057000,90.6436658,-0.5771099,European Space Agency (ESA) Gaia Satellite,87,1
Gaia-2 b,Gaia-2,,5720.00,14.81827249,259.66580852,3.69152240000,0.00000390000,2.7207580,1.63160232,2458843.98875000,0.00019000,110.7353308,67.2526565,European Space Agency (ESA) Gaia Satellite,"47,60,73,74",4
WASP-42 b,WASP-42,,5315.00,12.57649800,167.49641000,4.98168190000,0.00000110000,2.8903200,1.81100000,2455650.56728000,0.00015000,192.9812030,-42.0736165,SuperWASP,"10,37,64,101",4
TOI-2796 b,TOI-2796,,5764.00,17.26183028,139.84449908,4.80849830000,0.00000570000,1.9600000,2.24000000,2459026.48882000,0.00045000,84.1527191,0.8962788,Transiting Exoplanet Survey Satellite (TESS),98,1
HATS-31 b,HATS-31,,6050.00,18.38276000,279.69040000,3.37796000000,0.00001200000,4.5936000,0.71987471,2456960.14760000,0.00110000,191.7028214,-24.4273897,HATSouth,"64,101",2
WASP-123 b,WASP-123,G5,5740.00,15.13212395,285.72917000,2.97764359000,0.00000052000,3.0936000,1.30220000,2456845.17350000,0.00040000,289.4792124,-32.8601244,SuperWASP,"13,27,67,92,94",5
TOI-1268 b,TOI-1268,K1-K2,5300.00,9.10000000,96.40000000,8.15770940000,0.00000450000,4.0010000,0.81860000,2458711.74770000,0.00021000,198.3885831,62.3053799,Transiting Exoplanet Survey Satellite (TESS),"15,21,22,41,48,49,75,76",8
TOI-6130 b,TOI-6130,F,6110.00,14.34749530,333.71982735,2.39267900000,0.00000200000,2.4200000,1.34050000,2459849.63919000,0.00016000,339.2050832,16.8271941,Transiting Exoplanet Survey Satellite (TESS),83,1
K2-34 b,K2-34,F,6168.00,13.75000000,539.67534000,2.99563480000,0.00000020000,2.4768000,0.74930000,2457141.35148340,0.00006890,127.5787231,22.2359194,K2,"44,45,46,71,72",5
TOI-5143 c,TOI-5143,K V,5183.00,16.25302201,,5.20971180000,0.00000320000,1.6975678,1.13944692,2459527.24264000,0.00030000,165.3651202,5.1394812,Transiting Exoplanet Survey Satellite (TESS),"45,46,72",3
WASP-184 b,WASP-184,G0 V,6000.00,14.90797000,181.16310000,5.18170000000,0.00001000000,4.7760000,0.69000000,2457630.00800000,0.00100000,209.5170100,-30.3481530,WASP-South,"64,102",2
HATS-42 b,HATS-42,,6060.00,15.69260000,597.52040000,2.29210200000,0.00000210000,3.2664000,1.05852906,2456768.60734000,0.00069000,108.4523991,-33.4373462,HATSouth,"33,34,61,87,88",5
WASP-151 b,WASP-151,G1,5871.00,13.30506009,100.43377661,4.53347750000,0.00000230000,3.6643000,1.06640000,2457763.67624100,0.00004000,349.0634651,0.3066895,SuperWASP-South,"42,70,92",3
WASP-29 b,WASP-29,,4800.00,8.63093000,73.10090000,3.92273000000,0.00000400000,2.6486400,1.00000000,2457866.07613000,0.00011000,357.8791976,-39.9071215,SuperWASP,"2,29,69,96",4
HATS-25 b,HATS-25,G,5715.00,14.12334000,194.82979000,4.29864320000,0.00000450000,3.2040000,1.52757585,2456870.36872000,0.00051000,207.9076746,-23.7812403,HATSouth,"11,37,64",3
Kepler-15 b,Kepler-15,,5515.00,10.76000000,209.76000000,4.94278200000,0.00000130000,3.5000000,1.12650000,2454969.32865100,0.00008400,296.2005506,49.1400304,Kepler,"40,41,54,55,56,74,75,76,81,82,83",11
TrES-3 b,TrES-3,G4 V,5650.00,14.97500000,607.03000000,1.30618581000,,1.4177746,2.73900000,2454185.91040000,,268.0291106,37.5463268,TrES,"25,26,40,52,53,79,80",7
WASP-105 b,WASP-105,K2,5070.00,10.76064000,572.09400000,7.87288000000,0.00001000000,3.7200000,1.20000000,2456600.07650000,0.00020000,24.1678686,-50.6593080,SuperWASP-South,"2,3,29,69,96",5
WASP-91 b,WASP-91,K3,4920.00,11.54527000,425.89220000,2.79858100000,0.00000300000,2.3424000,1.50000000,2456297.71900000,0.00020000,357.8464340,-70.1528621,SuperWASP-South,"1,27,28,67,68,94,95,102",8
WASP-113 b,WASP-113,G1,5890.00,15.79348100,150.96925000,4.54216874538,0.00000420000,4.2984000,0.80900000,2457197.09745900,0.00004000,224.8728589,46.9600996,SuperWASP-North,"23,24,50,77",4
KELT-10 b,KELT-10,G0 V,5948.00,15.68139100,215.80657000,4.16627390000,0.00000630000,3.7440000,1.41600000,2457066.72045000,0.00027000,284.5483823,-47.0033072,KELT-South,"67,94",2
WASP-119 b,WASP-119,G5,5650.00,15.69260000,390.93090000,2.49979000000,0.00001000000,3.0240000,1.46212060,2456537.54700000,0.00200000,55.9336392,-65.1937800,SuperWASP-South,"1,2,3,4,7,11,27,28,29,30,31,34,37,61,62,63,64,65,67,68,69,88,89,90,94,95,96,97",28
WASP-94 A b,WASP-94 A,F8,6170.00,17.71022000,158.91500000,3.95019000000,0.00000400000,4.4880000,1.20000000,2458300.64763000,0.00013000,313.7832393,-34.1357512,SuperWASP,"1,27,68,95",4
HATS-28 b,HATS-28,G,5498.00,13.38354600,213.58176000,3.18107810000,0.00000390000,2.3544000,2.11924633,2457034.28300000,0.00046000,284.3997616,-49.1385126,HATSouth,"13,67,94",3
HATS-29 b,HATS-29,G,5670.00,14.02245900,207.54299000,4.60587490000,0.00000630000,3.2112000,1.37930349,2457031.95618000,0.00038000,285.0965172,-54.8933408,HATSouth,"13,67,94",3
WASP-54 b,WASP-54,F9,6100.00,17.71022000,187.51970000,3.69364000000,0.00000600000,4.4661850,0.86000000,2459163.93328000,0.00018000,205.4542456,-0.1281712,SuperWASP,"23,46,50,91",4
TOI-1820 b,TOI-1820,,5734.00,12.77823800,731.00533610,4.86067400000,0.00000500000,2.9200000,0.61400000,2458903.06380000,0.00060000,187.6867207,27.4520016,Transiting Exoplanet Survey Satellite (TESS),49,1
TOI-2158 b,TOI-2158,,5673.00,10.76062147,260.61929374,8.60077000000,0.00003000000,3.7700000,0.50900000,2459018.92250000,0.00100000,276.8100527,20.5268868,Transiting Exoplanet Survey Satellite (TESS),"40,53",2
HATS-15 b,HATS-15,G9 V,5311.00,12.38594500,689.69110000,1.74748753000,0.00000094000,2.2696800,1.67797987,2456387.21161000,0.00015000,311.0920041,-19.4375266,HATSouth,92,1
MASCARA-1 b,MASCARA-1,A8,7490.00,17.90074218,1175.97100000,2.14877381000,0.00000088000,4.2260000,0.62160000,2458833.48815100,0.00009100,317.5515264,10.7388967,Multiple Observatories,"55,82",2
WASP-129 b,WASP-129,G1,5900.00,10.42437000,317.83000000,5.74814500000,0.00000400000,2.6856000,1.22594473,2457027.43730000,0.00020000,176.2990518,-42.0639575,SuperWASP-South,"10,37,63,64,90,99,100,101",8
WASP-124 b,WASP-124,F9,6050.00,13.89916000,190.69800000,3.37265000000,0.00000100000,2.5704000,1.71636042,2457028.58340000,0.00010000,332.7143373,-30.7497189,SuperWASP-South,"1,68,95",3
HATS-52 b,HATS-52,,6010.00,15.49083800,711.93920000,1.36665436000,0.00000094000,2.0904000,2.10700000,2456929.03039000,0.00033000,140.0875894,-31.2692116,HATSouth,"35,62,89,99",4
HATS-53 b,HATS-53,,5644.00,15.02006000,189.10885000,3.85377680000,0.00000380000,3.5064000,1.86500000,2457236.75653000,0.00049000,176.6283230,-33.8600764,HATSouth,"36,37,63,90,100,101",6
WASP-139 b,WASP-139,K0,5310.00,8.96720000,37.18611000,5.92426200000,0.00000400000,2.8320000,1.07000000,2457196.79330000,0.00030000,49.5621730,-41.3020235,SuperWASP-South,"3,4,30,31,97",5
WASP-142 b,WASP-142,F8,6010.00,17.14977000,266.97720000,2.05286800000,0.00000200000,2.6808000,0.91600000,2457007.77790000,0.00040000,140.5063164,-23.9461020,SuperWASP-South,"8,35,62,89,99",5
WASP-138 b,WASP-138,,6272.00,12.21781000,387.75260000,3.63443300000,0.00000500000,3.7728000,0.68300000,2457326.62183000,0.00031900,41.6391598,-0.4641252,SuperWASP,"4,31",2
XO-6 b,XO-6,F5,6720.00,23.20263000,1398.45200000,3.76500070000,0.00000810000,2.9000000,1.47350000,2456652.71245000,0.00055000,94.7929552,73.8275672,XO,"19,20,26,40,53,59,60,73,79",9
WASP-53 b,WASP-53,,4953.00,12.03846600,677.61356000,3.30984430000,0.00000200000,2.2676536,1.91588322,2455943.56695000,0.00011000,31.9091639,-20.6618430,Multiple Facilities,"3,30,97",3
HATS-34 b,HATS-34,,5380.00,16.02887000,299.07803000,2.10616070000,0.00000470000,1.5552000,1.21422239,2456634.85732000,0.00075000,0.7744866,-62.4693167,HATSouth,"1,2,28,68,95,96,102",7
HATS-35 b,HATS-35,,6300.00,16.40997600,388.38826000,1.82099930000,0.00000160000,3.1176000,1.23400000,2456981.80199000,0.00041000,296.6884420,-63.5656488,HATSouth,"67,94,101,102",4
WASP-81 b,WASP-81,,5870.00,16.01766100,231.69807000,2.71647620000,0.00000230000,3.5299033,1.45274470,2456195.57462000,0.00023000,304.2079924,3.2939492,Multiple Facilities,"54,81",2
KELT-1 b,KELT-1,,6516.00,12.44200000,8654.15000000,1.21751400000,0.00001500000,2.7645600,0.60860000,2455914.16280000,0.00230000,0.3620995,39.3837953,KELT,"17,57,84",3
HATS-50 b,HATS-50,,5990.00,12.66617000,123.95370000,3.82970150000,0.00000460000,3.0792000,1.22998939,2456870.34792000,0.00068000,300.4280761,-26.0775640,HATSouth,92,1
WASP-153 b,WASP-153,G0,5914.00,17.37395000,123.95370000,3.33260900000,0.00000200000,3.8400000,0.83105066,2453142.54200000,0.00300000,279.2624729,40.0186905,SuperWASP,"26,40,53,54,74,80,81",7
HAT-P-31 b,HAT-P-31,,6065.00,12.21781000,721.47410000,5.00542000000,0.00009100000,4.9057646,0.65000000,2458940.75332000,0.00034000,271.5376722,26.4266061,HATNet,"26,40,53,79,80",5
KELT-16 b,KELT-16,F7 V,6236.00,15.86073500,874.03250000,0.96899510000,0.00000240000,2.4888000,1.14600000,2457247.24791000,0.00019000,314.2685227,31.6610186,KELT,"15,41,55",3
NGTS-23 b,NGTS-23,F9 V,6057.00,14.20177855,194.82881349,4.07643260000,0.00000410000,3.9190000,1.30331862,2458431.77134000,0.00048000,70.4322947,-40.0445299,Next-Generation Transit Survey (NGTS),98,1
XO-2 N b,XO-2 N,G8 V,5290.00,11.13053700,199.91507000,2.61585906000,0.00000025200,2.6839000,1.33630000,2455565.54648000,0.00005400,117.0267691,50.2251472,XO,"20,47,60",3
WASP-78 b,WASP-78,,6100.00,21.63337000,352.79130000,2.17518000000,0.00000500000,4.9680000,0.65000000,2457966.18625000,0.00017000,63.7562662,-22.1163901,SuperWASP,"5,31,32",3
WASP-39 b,WASP-39,,5485.00,14.33631100,89.31023000,4.05529410000,0.00000340000,2.8032000,2.34348052,2455342.96913000,0.00063000,217.3266477,-3.4444994,SuperWASP,"51,91",2
WASP-36 b,WASP-36,,5959.00,14.87434300,750.39663000,1.53736596000,0.00000024000,1.8158400,1.78286195,2455569.83771000,0.00046000,131.5803897,-8.0269855,SuperWASP,"8,34,61,88,99",5
Kepler-12 b,Kepler-12,,5947.00,19.66058600,137.30256000,4.43796290000,0.00000060000,4.6981300,1.67211000,2455004.00915000,0.00001000,286.2434458,50.0403671,Kepler,"40,41,53,54,55,74,80,81,82",9
HAT-P-24 b,HAT-P-24,F8,6373.00,14.57170000,238.37250000,3.35524000000,0.00000700000,3.6940000,0.94000000,2458491.69571700,0.00013807,108.8251171,14.2626064,HATNet,"7,33,44,45,46,71,72,87",8
Kepler-5 b,Kepler-5,,6297.00,15.98403400,670.93913000,3.54846570000,0.00000070000,4.5690400,0.72515000,2454955.90144000,0.00002000,299.4070341,44.0350387,Kepler,"41,54,55,74,75,81,82",7
HAT-P-29 b,HAT-P-29,F8,6087.00,13.11453000,279.69040000,5.72319000000,0.00004900000,3.8928000,0.86000000,2456210.61536000,0.00005000,33.1310921,51.7787754,HATNet,"58,85",2
TOI-2025 b,TOI-2025,,5977.00,11.89272852,1144.18226520,8.87209820000,0.00000770000,3.6010000,0.55780000,2459089.53337000,0.00025000,282.7952558,82.2454143,Transiting Exoplanet Survey Satellite (TESS),"40,47,52,53,58,59,60,74,78,79,81,85,86",13
TOI-2152 A b,TOI-2152,F4 V,6630.00,14.35870428,899.45439181,3.37735120000,0.00000600000,3.7150000,0.66600000,2458927.64980000,0.00023000,26.3389717,77.7901231,Transiting Exoplanet Survey Satellite (TESS),"58,59,73,78,79,85,86",7
HATS-44 b,HATS-44,,5080.00,11.96000300,177.98480000,2.74390040000,0.00000320000,1.6512000,1.38523980,2456931.11384000,0.00061000,84.3267559,-27.9725758,HATSouth,"5,6,32,33,98",5
HATS-45 b,HATS-45,,6450.00,14.41477400,222.48100000,4.18762440000,0.00000560000,3.0456000,1.09061857,2456731.19533000,0.00073000,101.9942455,-21.9107112,HATSouth,"6,7,33,87",4
WASP-61 b,WASP-61,,6250.00,15.80469000,851.78440000,3.85590000000,0.00000300000,3.9504000,0.88000000,2457128.11889000,0.00019000,75.2996637,-26.0541438,SuperWASP,"5,32,98",3
HAT-P-6 b,HAT-P-6,,6570.00,16.58932000,419.53560000,3.85298000000,0.00000500000,3.5064000,0.87000000,2456100.88331000,0.00020000,354.7740917,42.4659866,HATNet,"57,84",2
HATS-46 b,HATS-46,,5495.00,10.12172700,54.98459000,4.74237290000,0.00000490000,2.4336000,1.26508110,2457376.68539000,0.00060000,6.7026401,-56.3161021,HATSouth,"1,2,28,29,68,69,95,96,102",9
WASP-58 b,WASP-58,G2 V,5800.00,16.02887000,308.29510000,5.01718000000,0.00001100000,3.7363301,1.40000000,2458986.98151000,0.00015000,274.7012534,45.1722194,SuperWASP,"25,26,40,52,53,54,74,79,80,81",10
HAT-P-23 b,HAT-P-23,G0,5905.00,15.33400000,664.23700000,1.21288400000,0.00000200000,2.1792000,1.05360000,2454852.26464000,0.00018000,306.1239076,16.7621462,HATNet,"54,55,81",3
HAT-P-57 b,HAT-P-57,A8 V,6330.00,19.50366000,448.14030000,2.46530000000,0.00000300000,3.4987200,0.94000000,2457598.49926000,0.00037000,274.7434180,10.5971968,HATNet,80,1
KELT-15 b,KELT-15,,6003.00,19.50366000,416.35730000,3.32944000000,0.00001600000,4.0123108,1.00000000,2458973.57814000,0.00012000,117.4149764,-52.1204471,KELT-South,"7,9,34,35,36,61,62,88,89",9
HAT-P-4 b,HAT-P-4,F,5860.00,14.28000000,213.25500000,3.05653600000,,4.2240000,0.77980000,2455584.57238000,0.00018000,229.9912200,36.2295450,HATNet,"24,50,51,77,78",5
HAT-P-49 b,HAT-P-49,F3,6820.00,17.82231000,699.22600000,2.69155000000,0.00000600000,4.1088000,0.63000000,2458684.75534000,0.00019000,305.4413294,26.6926759,HATNet,"41,55,81,82",4
WASP-144 b,WASP-144,K2 V,5200.00,9.52765000,139.84520000,2.27831520000,0.00000130000,1.9536000,1.16500000,2457157.27493000,0.00015000,320.7628761,-40.0484393,SuperWASP-South,"28,68,95",3
WASP-158 b,WASP-158,F6 V,6350.00,11.99363000,886.74570000,3.65633300000,0.00000400000,3.5760000,0.63000000,2457619.91950000,0.00100000,4.1463468,-10.9764226,SuperWASP-South,70,1
WASP-145 A b,WASP-145 A,K2 V,4900.00,10.08810000,282.86870000,1.76903810000,0.00000080000,0.9768000,1.16000000,2456844.16526000,0.00026000,322.2537644,-58.8361466,SuperWASP-South,"27,67,94,95,102",5
WASP-18 b,WASP-18,F6 IV-V,6432.00,13.89913607,3241.84975140,0.94145223000,0.00000024000,2.2100000,1.04100000,2456740.80560000,0.00019000,24.3544618,-45.6777937,SuperWASP,"2,3,29,30,69,96",6
WASP-162 b,WASP-162,K0,5300.00,11.20900000,1652.71600000,9.62468000000,0.00001000000,4.2576000,0.87000000,2457701.38160000,0.00060000,168.2929079,-17.6577794,SuperWASP-South,"36,63,90,100",4
WASP-172 b,WASP-172,F1 V,6900.00,17.59813000,149.38010000,5.47743300000,0.00000700000,5.2944000,0.72000000,2457032.26170000,0.00050000,199.4337420,-47.2375748,SuperWASP-South,"37,38,64,101,102",5
HATS-9 b,HATS-9,,5599.00,13.85000000,266.02371000,1.91529100000,0.00001900000,3.5083200,0.84700000,2457311.75140000,0.00039000,290.8101704,-20.1663771,HATSouth,92,1
WASP-147 b,WASP-147,G4,5702.00,12.49803500,87.40325000,4.60273000000,0.00002700000,4.3944000,0.64000000,2456562.59500000,0.00130000,359.1915117,-22.1532316,SuperWASP-South,"29,69,96",3
TOI-159 b,TOI-159,F0 V,7287.00,18.18000000,1110.00000000,3.76283960000,0.00000030000,4.2200000,1.13600000,2459382.23258000,0.00009000,51.7822676,-78.5498308,Transiting Exoplanet Survey Satellite (TESS),"13,28,32,39,62,66,68,89,93,94,95",11
K2-238 b,K2-238,G2 V,5630.00,14.57170000,273.33380000,3.20466000000,0.00003000000,3.3310000,0.74480000,2457740.50360000,0.00040000,347.7043164,-7.8575592,K2,"42,70",2
WASP-106 b,WASP-106,F9 D,6002.00,12.10569916,613.40882551,9.28969000000,0.00001000000,5.3340000,0.62040000,2457977.97960000,0.00140000,166.4296276,-5.0794854,SuperWASP,"9,36,45,46,72,89,100",7
TrES-1 b,TrES-1,K0 V,5230.00,12.66617000,266.97720000,3.03007000000,0.00000800000,2.5080000,1.80000000,2453186.80634100,0.00005100,286.0408755,36.6325360,TrES,"14,40,41,53,54,74,80,81",8
Qatar-1 b,Qatar-1,,5013.00,12.81188700,411.27202000,1.42002420000,0.00000022000,1.6610400,2.14000000,2456234.10321800,0.00006071,303.3818697,65.1623313,Qatar,"17,21,24,25,41,48,51,55,56,57,59,75,76,77,78,82,83,84,85,86",20
CoRoT-20 b,CoRoT-20,G2 V,5880.00,9.41556000,1366.66900000,9.24285000000,0.00030000000,2.2248000,1.08799770,2455266.00010000,0.00140000,97.7204249,0.2268931,CoRoT,"6,33,87",3
HATS-64 b,HATS-64,,6554.00,18.81991100,305.11680000,4.90889700000,0.00001300000,5.8056000,0.55488280,2457769.82287000,0.00082000,144.2876092,-29.8004440,HATSouth,"35,62,89,99",4
HATS-65 b,HATS-65,,6277.00,16.82470900,260.93843000,3.10516100000,0.00000160000,2.8848000,1.30361538,2457520.96130000,0.00041000,292.9397825,-26.7402021,HATSouth,92,1
WASP-165 b,WASP-165,G6,5599.00,14.12334000,209.13214000,3.46550900000,0.00002300000,4.1760000,0.54400000,2457649.71142000,0.00093000,357.5806472,-17.0775947,SuperWASP-South,"29,69,96",3
HATS-59 b,HATS-59,,5670.00,12.62133400,256.17098000,5.41608100000,0.00001600000,3.5928000,1.43100000,2456620.66527000,0.00052000,170.3243250,-22.3881770,HATSouth,"36,63,90,100,101",5
Kepler-8 b,Kepler-8,,6213.00,15.87194400,187.51970000,3.52249910000,0.00000070000,3.1906100,0.91457000,2454954.11931000,0.00002000,281.2881335,42.4510975,Kepler,"40,41,53,54,74,80,81",7
HATS-69 b,HATS-69,,5137.00,10.59250500,183.38791000,2.22525770000,0.00000190000,2.3577600,1.31445901,2457755.39390000,0.00052000,289.2974275,-60.8917599,HATSouth,"27,67,94,101,102",5
HATS-68 b,HATS-68,,6147.00,13.80948800,410.00070000,3.58622020000,0.00000470000,3.4200000,0.57293247,2457410.40860000,0.00110000,15.0060770,-58.9047242,HATSouth,"28,29,68,69,95,96",6
WASP-140 b,WASP-140,K0,5300.00,14.23540549,775.50520000,2.23598448000,0.00000025000,1.5254332,1.90580137,2456912.35261000,0.00016000,60.3855387,-20.4509991,SuperWASP-South,"4,5,31",3
HAT-P-35 b,HAT-P-35,,6096.00,14.93038800,335.62848000,3.64670600000,0.00002100000,3.9360000,0.89945737,2455578.66158000,0.00050000,123.2507030,4.7870288,HATNet,"7,34,61,88",4
HAT-P-14 b,HAT-P-14,F5 V,6600.00,15.91678000,1093.33520000,4.62767000000,0.00000500000,2.1888000,0.65000000,2457304.81275000,0.00015000,260.1161719,38.2421682,HATNet,"25,26,52,53,80",5
WASP-164 b,WASP-164,G2 V,5806.00,12.64375200,676.97790000,1.77712550000,0.00000280000,1.6036800,1.54200000,2457203.85378000,0.00020000,344.8735878,-60.4478194,SuperWASP-South,"28,68,102",3
HD 2685 b,HD 2685,,6801.00,16.14096000,371.86110000,4.12688000000,0.00005000000,4.4050000,1.08310000,2458325.78297000,0.00020000,7.3289156,-76.3040320,Transiting Exoplanet Survey Satellite (TESS),"1,27,28,67,68,94,95",7
KELT-23 A b,KELT-23 A,G2 V,5899.00,14.82950700,298.12454000,2.25525100000,0.00001100000,2.3810400,1.86400000,2458140.37920000,0.00270000,232.1466406,66.3587097,KELT-North,"14,15,16,17,21,23,41,47,48,49,50,54,57,74,75,76,77,81,84",19
HATS-24 b,HATS-24,F V,6125.00,15.63655500,718.29580000,1.34849780000,0.00000090000,2.4074261,1.84637637,2457948.70932100,0.00003900,268.8907069,-61.7474000,HATSouth,"13,39,66,93,100,101,102",7
HAT-P-9 b,HAT-P-9,F7,6350.00,15.61413700,238.05467000,3.92281072000,0.00000102000,3.3600000,1.14400000,2455484.91308800,0.00038600,110.1685157,37.1405946,HATNet,"20,47,60",3
HAT-P-36 b,HAT-P-36,G5 V,5620.00,14.31389300,587.41340600,1.32734683000,0.00000048000,2.2320000,1.88500000,2457885.38399400,0.00009400,188.2662048,44.9153672,HATNet,"22,49,76",3
NGTS-5 b,NGTS-5,K2 V,4987.00,12.73342400,72.78307000,3.35698660000,0.00000260000,2.2100000,2.62400000,2457740.35262000,0.00026000,221.0582692,5.6053735,Next-Generation Transit Survey (NGTS),51,1
HATS-18 b,HATS-18,G V,5600.00,14.89676100,629.14448500,0.83784000000,0.00000047000,1.9440000,2.13557851,2458217.64374000,0.00016000,173.9574203,-29.1560639,Multiple Observatories,"10,36,63,90,100,101",6
K2-308 b,K2-308,,6100.00,9.91600000,70.60000000,3.38628000000,0.00002000000,3.0900000,0.62598518,2457823.22330000,0.00060000,78.3391194,16.4141986,K2,"32,43,44,71,98",5
WASP-181 b,WASP-181,G2,5839.00,13.27145600,95.03117000,4.51950640000,0.00000340000,3.0648000,1.59000000,2457747.66681000,0.00035000,26.7932253,3.1329325,SuperWASP,"42,43,70,97",4
HATS-58 A b,HATS-58 A,,7175.00,12.27385500,327.36490000,4.21808960000,0.00000890000,3.1800000,0.78820701,2457463.29990000,0.00170000,186.7873036,-48.9784105,HATSouth,"37,64,99,100,101",5
TOI-163 b,TOI-163,F,6495.00,16.69020100,387.75260000,4.23130600000,0.00006300000,4.9300000,0.72612759,2458328.87970000,0.00062000,79.7682532,-71.8955269,Transiting Exoplanet Survey Satellite (TESS),"9,10,11,12,13,27,28,29,30,31,32,33,34,35,36,37,38,39,61,62,63,64,65,66,68,69,87,89,90,93,95,96,97,98",34
NGTS-8 b,NGTS-8,K0 V,5241.00,12.21781000,295.58190000,2.49970000000,0.00001000000,2.6100000,1.30270636,2457500.17830000,0.00072000,328.9759206,-14.0684399,Next-Generation Transit Survey (NGTS),92,1
WASP-175 b,WASP-175,F7,6229.00,13.54047200,314.65170000,3.06529070000,0.00000110000,2.6760000,1.06400000,2457143.78886000,0.00034000,166.3187996,-34.1227453,WASP-South,"36,63,90,99,100",5
TOI-169 b,TOI-169,G1 V,5880.00,12.17297400,251.40353000,2.25544770000,0.00000630000,1.7064000,0.75000000,2458327.44174000,0.00065000,16.7786879,-75.1989452,Transiting Exoplanet Survey Satellite (TESS),"13,27,28,67,68,95",6
NGTS-9 b,NGTS-9,F8 V,6330.00,11.99363000,921.70700000,4.43527000000,0.00002000000,2.0500000,0.64100000,2457671.81086000,0.00265000,141.9206435,-19.3476477,Next-Generation Transit Survey (NGTS),"35,62,89",3
WASP-126 b,WASP-126,G2,5800.00,10.51358773,90.30000000,3.28883000000,0.00003710000,3.4367717,0.70057248,2458827.41621500,0.00005700,63.3747060,-69.2265926,SuperWASP-South,"1,2,3,4,5,6,7,8,9,10,11,12,13,27,28,29,30,31,32,33,34,36,37,38,39,61,63,64,65,66,67,68,69,87,88,90,93,94,95,96,97,98",42
XO-7 b,XO-7,G0 V,6250.00,15.38995700,225.34147000,2.86414240000,0.00000430000,2.7720000,0.90900000,2457917.47503000,0.00045000,277.4780753,85.2333208,XO,"25,26,40,47,52,53,59,60,73,74,79,86",12
WASP-176 b,WASP-176,F9,5941.00,16.86954500,271.74465000,3.89905200000,0.00000500000,5.1528000,0.64000000,2458234.17710000,0.00070000,313.6872928,9.1790688,SuperWASP-North,"55,82",2
TOI-905 b,TOI-905,,5570.00,13.12573900,211.99261000,3.73949400000,0.00003800000,2.0280000,1.71800000,2458643.30898000,0.00020000,227.6586754,-71.3616316,Transiting Exoplanet Survey Satellite (TESS),"12,38,39,65,66,93,99,100,101,102",10
HAT-P-62 b,HAT-P-62,,5629.00,12.02723629,241.86741773,2.64532350000,0.00000390000,3.1030000,1.04568418,2457118.38979000,0.00044000,74.5043816,48.3008551,HATNet,"59,73,86",3
TOI-628 b,TOI-628,,6250.00,11.88154000,2011.86390000,3.40956750000,0.00000700000,3.7824000,0.65700000,2458629.47972000,0.00039000,99.2630608,1.7675497,Transiting Exoplanet Survey Satellite (TESS),87,1
HAT-P-58 b,HAT-P-58,,6078.00,14.93036229,118.23216740,4.01383790000,0.00000240000,4.1500000,0.85614395,2457369.03094000,0.00056000,68.8465093,56.8682691,HATNet,"59,73,86",3
HAT-P-59 b,HAT-P-59,,5678.00,12.58768533,489.45574678,4.14197710000,0.00000120000,2.3390000,1.01309412,2458618.54088000,0.00021000,292.4588212,62.5291892,HATNet,"23,24,25,26,41,47,48,49,50,51,52,53,54,55,57,58,59,60,74,75,76,77,79,80,81,82,83,84,85,86",30
HAT-P-43 b,HAT-P-43,F9,5693.00,13.63000000,210.39500000,3.33264140000,0.00001510000,3.1250000,1.70080000,2458253.59657280,0.00012800,128.9256885,10.2065866,HATNet,"7,34,44,45,46,61,72,88",8
HAT-P-55 b,HAT-P-55,,5804.00,14.84069045,189.42573057,3.58523130000,0.00000051000,2.9352000,1.69092285,2458311.92255000,0.00013000,264.2735096,25.7311468,HATNet,"25,26,52,53,79,80",6
HAT-P-51 b,HAT-P-51,G7,5453.00,13.50682174,97.57332095,4.21802091000,0.00000066000,3.3672000,1.85276525,2458349.53123000,0.00013000,21.0651251,32.8107000,HATNet,"57,84",2
GPX-1 b,GPX-1,F2,7000.00,16.47720163,6261.21961790,1.74457900000,0.00000800000,2.0900000,0.90000000,2458770.23823000,0.00040000,38.3691648,56.0257080,Acton Sky Portal Observatory,"58,85",2
TOI-559 b,TOI-559,G V,5925.00,12.22899794,1910.14872607,6.98390950000,0.00000510000,5.1502000,0.82760000,2458893.81305000,0.00023000,46.8186159,-31.1629951,Transiting Exoplanet Survey Satellite (TESS),"31,97",2
WASP-76 b,WASP-76,F7,6329.00,20.78145022,284.13859586,1.80988198000,0.00000064000,3.8000000,1.17800000,2458080.62616500,0.00041800,26.6329360,2.7003890,SuperWASP,"30,42,43,97",4
WASP-95 b,WASP-95,G2,5830.00,13.78707000,457.67520000,2.18467000000,0.00000100000,2.7840000,1.00000000,2458326.50580300,0.00007000,337.4578243,-48.0030988,SuperWASP,"1,28,95,102",4
HATS-2 b,HATS-2,K,5227.00,12.57647635,435.42491759,1.35413379000,0.00000008000,2.0688000,2.00395507,2458591.08493100,0.00009600,176.7388264,-22.5630097,HATSouth,"10,36,63,101",4
TOI-4329 b,TOI-4329,,6000.00,16.81347105,143.02278315,2.92230000000,0.00015000000,5.5560255,0.57240177,2458765.06800000,0.00200000,329.5639152,71.1316048,Transiting Exoplanet Survey Satellite (TESS),"52,57,58,77,78,84,85,86",8
HAT-P-41 b,HAT-P-41,,6390.00,22.97845000,378.21770000,2.69405000000,0.00000400000,3.6552000,1.10000000,2458071.24389000,0.00012000,297.3226523,4.6724124,HATNet,"54,81",2
HAT-P-65 b,HAT-P-65,G2,5872.00,18.05766791,176.07693748,2.60544751000,0.00000050000,4.3656000,1.11399639,2458139.35067000,0.00021000,315.9054895,11.9893675,HATNet,"55,82",2
TOI-1181 b,TOI-1181,F9 IV,6054.00,17.02644168,374.71969185,2.10318900000,0.00000300000,4.1218716,0.71420000,2459481.51696000,0.00055000,297.2158166,64.3543506,Transiting Exoplanet Survey Satellite (TESS),"24,25,26,40,41,47,48,49,50,51,52,53,54,55,56,57,58,59,60,73,74,75,76,77,78,79,81,82,83,84,85,86",32
WASP-148 b,WASP-148,G,5555.00,8.47398941,91.21675281,8.80380900000,0.00004300000,3.0160000,0.83600000,2457957.48760000,0.00600000,254.1305022,44.3025361,SuperWASP-North,"51,52,78,79",4
TOI-2570 b,TOI-2570,,5771.00,13.64132951,260.61929374,2.98876150000,0.00000220000,3.0064800,1.30400000,2459393.14532000,0.00021000,87.1880397,32.0840435,Transiting Exoplanet Survey Satellite (TESS),"44,45,59,71,72,73",6
TOI-3693 b,TOI-3693,,5321.00,12.59889431,324.18497514,9.08851600000,0.00002600000,3.5568000,2.13400000,2458806.68164000,0.00032000,15.6543938,51.3038918,Transiting Exoplanet Survey Satellite (TESS),"58,85",2
NGTS-2 b,NGTS-2,F5 V,6478.00,17.87835500,235.19420000,4.51116400000,0.00006100000,4.6510000,1.11700000,2457759.12610000,0.00140000,215.1227617,-31.2020698,Next-Generation Transit Survey (NGTS),"38,102",2
WASP-127 b,WASP-127,,5620.00,14.69499900,52.34660100,4.17806203000,0.00000088000,4.3528800,1.02100000,2456776.62124000,0.00023000,160.5587646,-3.8349989,SuperWASP,"9,35,46,62,72,89",6
TOI-4137 b,TOI-4137,,6202.00,13.57407563,457.67290608,3.80161220000,0.00000650000,3.4296000,0.74900000,2458990.46651000,0.00033000,77.6128790,70.3910790,Transiting Exoplanet Survey Satellite (TESS),"52,53,59,73,86",5
TOI-2364 b,TOI-2364,,5306.00,8.60849718,71.51139158,4.01975170000,0.00000430000,2.7751000,0.79400000,2459058.21396000,0.00033000,89.1300265,-5.0120298,Transiting Exoplanet Survey Satellite (TESS),87,1
TOI-2842 b,TOI-2842,,5910.00,12.84549188,117.59651059,3.55140580000,0.00000770000,2.5750000,0.86700000,2459172.17909000,0.00077000,108.0442066,-10.6393400,Transiting Exoplanet Survey Satellite (TESS),87,1
TOI-2977 b,TOI-2977,,5691.00,13.15934334,533.95172376,2.35056140000,0.00000250000,2.9340000,1.26500000,2459373.83677000,0.00029000,143.9265177,-60.3574758,Transiting Exoplanet Survey Satellite (TESS),"63,64,90",3
TOI-3023 b,TOI-3023,,5760.00,16.43236571,197.05361234,3.90149710000,0.00000310000,4.9610000,0.81500000,2459071.19220000,0.00030000,165.3158231,-72.3567044,Transiting Exoplanet Survey Satellite (TESS),"64,65",2
TOI-3912 b,TOI-3912,,5725.00,14.28024141,129.03833324,3.49362640000,0.00000380000,3.5570000,0.88500000,2459442.81871000,0.00037000,215.8014956,24.0765639,Transiting Exoplanet Survey Satellite (TESS),"50,77",2
TOI-2818 b,TOI-2818,,5721.00,15.27784069,225.65816897,4.03970900000,0.00000240000,3.8040000,1.30000000,2459023.44641000,0.00025000,119.0598183,-35.1167104,Transiting Exoplanet Survey Satellite (TESS),"61,88",2
WASP-149 b,WASP-149,,5750.00,15.24421375,314.96795134,1.33281300000,0.00000060000,2.0496174,1.68340000,2457757.62450000,0.00008000,124.0736810,-8.6865813,SuperWASP,"61,88,99",3
TOI-3807 b,TOI-3807,,5772.00,18.49481816,330.54154328,2.89897270000,0.00000380000,1.7800000,1.36000000,2459218.13454000,0.00055000,139.1125648,69.0741284,Transiting Exoplanet Survey Satellite (TESS),"47,60,74",3
WASP-188 b,WASP-188,,6850.00,14.81827249,458.62639130,5.74891600000,0.00000300000,4.4120000,0.55090000,2457033.12141000,0.00100000,278.7819771,36.6156327,SuperWASP,"80,81",2
TOI-2992 b,TOI-2992,,6000.00,13.75341932,1058.36859531,3.00781200000,0.00000190000,3.8400000,0.66600000,2459503.55851000,0.00037000,164.3165643,-32.3224375,Transiting Exoplanet Survey Satellite (TESS),"63,90,99,100",4
TOI-3474 b,TOI-3474,,6020.00,14.67255574,193.87532827,3.87951050000,0.00000450000,3.7990000,1.14800000,2459789.28867000,0.00042000,233.5033482,-47.9636597,Transiting Exoplanet Survey Satellite (TESS),"65,102",2
OGLE-TR-56 b,OGLE-TR-56,F8 V,6050.00,15.27800000,441.77000000,1.21191890000,,2.2032000,0.91680000,2454995.81093000,0.00031000,269.1479583,-29.5392222,OGLE,"39,91,92",3
TOI-4791 b,TOI-4791,,6058.00,12.44196858,734.18362017,4.28088000000,0.00002200000,3.3340000,0.65500000,2459237.59508000,0.00036000,109.3883818,-19.8289392,Transiting Exoplanet Survey Satellite (TESS),"87,88",2
TOI-2346 b,TOI-2346,,6480.00,16.11851425,394.10722468,3.33120290000,0.00000240000,3.7970000,1.14700000,2459040.83958000,0.00029000,88.0929073,-13.3724686,Transiting Exoplanet Survey Satellite (TESS),"87,98",2
TOI-2886 b,TOI-2886,,6240.00,18.64053490,444.95976980,1.60200105000,0.00000044000,2.7840000,1.89700000,2459311.01449000,0.00014000,110.0076569,-10.5698414,Transiting Exoplanet Survey Satellite (TESS),87,1
TOI-778 b,TOI-778,F3 V,6643.00,15.40000000,878.00000000,4.63361100000,0.00000100000,3.7600000,0.76600000,2458578.71610000,0.00010000,199.3338503,-15.2737046,Transiting Exoplanet Survey Satellite (TESS),"10,37,91",3
HATS-23 b,HATS-23,G V,5780.00,20.84874000,467.21010000,2.16051560000,0.00000450000,1.8048000,1.37748795,2457072.85266000,0.00070000,286.3667500,-50.0673496,HATSouth,"13,67,94",3
WASP-4 b,WASP-4,G8,5436.00,15.12091496,381.39408840,1.33823099400,0.00000008400,2.1664800,2.31200000,2455804.51567913,0.00001493,353.5629149,-42.0617794,SuperWASP,"2,28,29,69,96",5
TOI-3856 b,TOI-3856,,5622.00,13.59649359,171.62733978,2.04360352000,0.00000094000,1.8250000,1.39700000,2459574.66334000,0.00012000,145.2229223,27.9501580,Transiting Exoplanet Survey Satellite (TESS),48,1
TOI-3980 b,TOI-3980,,5840.00,14.45958510,187.51876013,3.60892540000,0.00000300000,2.3590000,0.67000000,2459528.89504000,0.00056000,12.8419374,59.5758606,Transiting Exoplanet Survey Satellite (TESS),"58,85",2
TOI-5261 b,TOI-5261,,5790.00,11.60129502,3651.84839643,4.15097680000,0.00000680000,2.3592000,1.15300000,2459716.93100000,0.00036000,305.4585453,19.4358468,Transiting Exoplanet Survey Satellite (TESS),81,1
TIC 257060897 b,TIC 257060897,F,5993.00,17.26183028,201.50321004,3.66003639000,0.00000099000,4.7416800,0.78500000,2459473.94542000,0.00013000,227.5321527,72.7103128,Transiting Exoplanet Survey Satellite (TESS),"40,41,47,48,49,53,56,60,74,75,76,80,83",13
CoRoT-16 b,CoRoT-16,G5 V,5650.00,13.11000000,170.03200000,5.35227000000,0.00020000000,2.3900000,1.02000000,2454923.91380000,0.00210000,278.5246658,-6.0026026,CoRoT,80,1
TOI-2524 b,TOI-2524,,5831.00,11.20898070,203.41018048,7.18585000000,0.00001000000,4.2542613,1.11924995,2458550.15500000,0.00200000,160.8868435,-1.9126984,Transiting Exoplanet Survey Satellite (TESS),"45,46,62,72,89",5
WASP-5 b,WASP-5,G5,5700.00,12.18400000,502.15000000,1.62842790000,0.00000220000,2.3688000,1.18000000,2454373.99598000,0.00025000,359.3490277,-41.2772202,SuperWASP,"2,29,69,96",4
WASP-100 b,WASP-100,F2,6900.00,14.90797000,400.46580000,2.84938000000,0.00000800000,3.7530000,0.76000000,2458853.88067400,0.00004900,68.9598159,-64.0270390,SuperWASP,"1,2,3,4,5,6,7,8,9,10,11,12,13,27,28,29,30,31,32,33,34,35,36,37,38,39,61,62,63,64,65,67,68,69,87,88,89,90,94,95,96,97,98",43
TOI-1135 b,TOI-1135,G0,6320.00,9.91994792,58.79825529,8.02773270000,0.00000190000,4.4616000,0.57050000,2460466.30793000,0.00018000,193.3963704,85.1294952,Transiting Exoplanet Survey Satellite (TESS),"14,19,20,26,40,47,53,59,74,79,86",11
OGLE-TR-182 b,OGLE-TR-182,,5924.00,12.66600000,320.99500000,3.97910000000,0.00001000000,,1.04000000,2454270.57200000,0.00200000,167.3279228,-61.0952624,OGLE,"10,11,37,64,90",5
NGTS-27 b,NGTS-27,,5700.00,15.64773706,188.47224535,3.37041810000,0.00000590000,4.8880000,0.56100000,2458540.65730000,0.00100000,206.0265266,-32.5229747,Transiting Exoplanet Survey Satellite (TESS),"64,102",2
TOI-1855 b,TOI-1855,,5359.00,18.49481816,360.09958513,1.36414864000,0.00000051000,1.1940000,0.70700000,2459243.19743000,0.00029000,205.3539534,17.6868719,Transiting Exoplanet Survey Satellite (TESS),50,1
TOI-2368 b,TOI-2368,,5360.00,10.83908434,206.58846455,5.17500730000,0.00000160000,2.0250000,1.28300000,2459752.59549000,0.00022000,134.9576234,-48.4884929,Transiting Exoplanet Survey Satellite (TESS),"62,63,89,90",4
TOI-3919 b,TOI-3919,,6100.00,12.31866979,1233.17421916,7.43323400000,0.00001400000,3.8540000,0.69500000,2459519.29976000,0.00081000,208.9447534,40.3918061,Transiting Exoplanet Survey Satellite (TESS),"49,50,76,77",4
TOI-4153 b,TOI-4153,,6860.00,16.11851425,365.50266805,4.61741410000,0.00000150000,4.5122000,0.93230000,2459557.05746000,0.00015000,335.3934698,82.2160792,Transiting Exoplanet Survey Satellite (TESS),"53,58,59,60,73,78,79,85",8
Kepler-695 b,Kepler-695,,5181.00,9.21000000,62.30000000,3.04033042400,0.00000029800,1.8394000,1.14054000,2455002.94900620,0.00007820,299.3160934,40.8223815,Kepler,"41,54,55",3
Kepler-688 b,Kepler-688,,5715.00,9.76000000,68.70000000,3.89593684400,0.00000080100,2.3389000,0.85448000,2455003.52752500,0.00016300,294.6552312,39.3083446,Kepler,"40,41,54,55",4
Kepler-714 b,Kepler-714,,5995.00,9.67000000,67.60000000,8.09888798600,0.00000219400,4.2147900,0.69111000,2455009.62388900,0.00021800,282.6994685,43.2727437,Kepler,"40,41,53,74,80,81",6
Kepler-719 b,Kepler-719,,5777.00,8.52000000,54.50000000,5.00731777900,0.00000125300,4.2223000,0.76301000,2455006.43385200,0.00019800,295.5360628,43.8844116,Kepler,"40,54,55",3
TOI-1296 b,TOI-1296,,5567.00,14.11645916,95.30000000,3.94437360000,0.00000160000,4.8636539,0.67324885,2458930.75531000,0.00022000,256.7706392,70.2384806,Transiting Exoplanet Survey Satellite (TESS),"23,24,25,26,40,47,48,49,50,52,53,54,55,56,57,58,59,60,73,74,75,76,77,78,79,80,81,82,83,84,85,86",32
HAT-P-67 b,HAT-P-67,,6640.00,23.98721870,143.02278315,4.81010690000,0.00000070000,6.9888000,0.69650000,2459010.99174000,0.00017000,256.6107279,44.7768849,HATNet,"24,26,51,52,53,78,79,80",8
TOI-1173 b,TOI-1173,G9,5350.00,9.19000000,27.40000000,7.06466000000,0.00028000000,2.5860000,0.82680000,2458702.84440000,0.00230000,197.6830975,70.7680117,Transiting Exoplanet Survey Satellite (TESS),"14,15,21,22,41,47,48,74,75",9
K2-260 b,K2-260,F6 V,6860.00,18.41635529,546.66486004,2.62669762000,0.00000066000,4.1990400,0.92500000,2457894.28487600,0.00006000,76.8673317,16.8676948,K2,"32,43,71,98",4
CoRoT-5 b,CoRoT-5,F9 V,6100.00,15.55800000,148.42000000,4.03789620000,0.00000190000,2.9331124,1.46100000,2454400.19885000,0.00020000,101.2772396,0.8152163,CoRoT,"6,33,87",3
Kepler-730 b,Kepler-730,,5620.00,12.32990000,,6.49168280800,,4.3300000,0.71633000,2455007.63355300,,285.5547895,45.5788420,Kepler,"40,41,53,55,80,82",6
K2-281 b,K2-281,,4812.00,8.18000000,50.90000000,8.68772100000,0.00015100000,2.7504000,1.23880000,2457393.88208000,0.00073000,16.2274724,7.2692169,K2,"42,70",2
WASP-104 b,WASP-104,G8,5475.00,12.74500000,404.26300000,1.75541370000,0.00000180000,1.7620800,1.47400000,2456406.11126000,0.00012000,160.6023689,7.4350768,SuperWASP,"45,46",2
CoRoT-2 b,CoRoT-2,,5625.00,16.43200000,1102.82000000,1.74299350000,0.00000100000,2.2670400,2.75000000,2454237.53556000,0.00020000,291.7770457,1.3836634,CoRoT,"54,81",2
XO-3 b,XO-3,F5V,6970.00,14.79585452,4217.58296089,3.19152309000,0.00000014000,2.9638000,0.82000000,2457424.98786000,0.00011000,65.4695814,57.8172095,XO,"19,59,73,86",4
WASP-110 b,WASP-110,G9,5392.00,13.19297028,154.78243421,3.77840220000,0.00000160000,2.8296300,2.45824117,2456502.72415000,0.00102000,305.8724366,-44.0587001,Paranal Observatory,"67,94",2
WASP-45 b,WASP-45,K2 V,5150.00,10.60371400,306.38812000,3.12608900000,0.00000300000,1.6824000,1.29000000,2458339.14303900,0.00031200,5.2377567,-35.9984650,SuperWASP,"2,29,69,96",4
WASP-20 b,WASP-20,F9,5940.00,15.46839337,98.84100000,4.89964477000,0.00000051000,3.0700000,1.09570000,2455715.66591000,0.00034000,5.1605621,-23.9357894,SuperWASP,"2,29,69",3
WASP-120 b,WASP-120,F5,6450.00,15.58048317,1541.47550000,3.61126721000,0.00000078000,3.5377447,0.56840944,2456779.43470000,0.00050000,62.6160813,-45.8982434,SuperWASP,"4,5,30,31,97",5
WASP-12 b,WASP-12,,6265.00,22.02564708,467.21010000,1.09141890100,0.00000001800,3.0010000,1.53777921,2457607.51930500,0.00003200,97.6366450,29.6722662,SuperWASP,"20,43,44,45,71,72",6
WASP-108 b,WASP-108,F9,6783.00,15.13212395,283.50293904,2.67555212374,0.00000048124,3.2277336,1.43409909,2456413.79490000,0.00018000,195.8281644,-49.6397727,Transiting Exoplanet Survey Satellite (TESS),"11,37,38,64,99,100",6
WASP-93 b,WASP-93,F4,6700.00,17.90077300,467.21010000,2.73253210000,0.00000200000,2.2344000,1.09700000,2456079.56420000,0.00045000,9.4587443,51.2887780,SuperWASP,"17,57,84",3
TOI-2382 b,TOI-2382,,6033.00,12.25141591,235.19302118,4.66120610000,0.00000320000,2.2700000,0.62800000,2459215.45850000,0.00044000,356.3751852,-16.1141240,Transiting Exoplanet Survey Satellite (TESS),"29,69,96",3
TOI-1194 b,TOI-1194,,5394.00,8.71664516,120.00000000,2.31064460000,0.00000054000,1.6276453,0.67170000,2458684.92352000,0.00014000,167.8214811,69.9647749,Transiting Exoplanet Survey Satellite (TESS),"14,20,21,40,41,47,48,74,75",9
TOI-2876 b,TOI-2876,,5271.00,9.63972340,54.03082919,6.29964310000,0.00000700000,2.2490000,1.02500000,2459109.77217000,0.00044000,110.2473528,-21.1146384,Transiting Exoplanet Survey Satellite (TESS),87,1
KELT-14 b,KELT-14,G4,5720.00,19.53728700,408.09372000,1.71005660000,0.00000320000,2.1880800,1.38600000,2456665.22401000,0.00021000,108.3014090,-42.4097623,KELT-South,"7,33,34,61,87,88",6
TOI-2981 b,TOI-2981,,5940.00,13.40000000,638.00000000,3.60150100000,0.00000200000,3.0700000,1.36300000,2459302.71950000,0.00040000,163.4873940,-25.5245988,Transiting Exoplanet Survey Satellite (TESS),"63,90",2
TOI-1518 b,TOI-1518,F0,7299.00,21.05046575,581.62598481,1.90261131000,0.00000043000,2.3950000,0.98800000,2459983.79194200,0.00006600,352.2675207,67.0348062,Multiple Observatories,"57,58,77,84,85",5
TrES-2 b,TrES-2,G0 V,5850.00,15.24424000,473.56670000,2.47063000000,0.00001000000,1.7425900,1.60000000,2454955.76336000,0.00000300,286.8085258,49.3164211,TrES,"26,40,41,54,55,74,75,80,81,82",10
WASP-65 b,WASP-65,G6,5600.00,12.46400000,492.62000000,2.31142430000,0.00000150000,2.7350400,1.28000000,2456110.68772000,0.00015000,133.3242982,8.5230171,SuperWASP,"34,44,45,46,61,72,88",7
HAT-P-21 b,HAT-P-21,G3,5588.00,12.44199000,1547.83210000,4.12448000000,0.00000700000,3.6720000,0.90000000,2458159.89639000,0.00027000,171.2749348,41.0280207,HATNet,"22,48",2
WASP-88 b,WASP-88,F6,6430.00,16.36514000,133.48860000,4.95400000000,0.00001900000,6.0480000,0.70000000,2458248.26526000,0.00021000,309.5112337,-48.4620833,SuperWASP,"27,67,94",3
HATS-8 b,HATS-8,,5679.00,9.78545700,43.86054000,3.58389300000,0.00001000000,3.0312000,0.77275058,2456672.11020000,0.00120000,294.9416887,-25.7483655,HATSouth,92,1
WASP-56 b,WASP-56,G6,5600.00,10.53646000,143.02350000,4.61710000000,0.00000300000,3.5616000,1.00000000,2455841.60939000,0.00023000,183.3660401,23.0556870,SuperWASP,"22,49",2
HAT-P-28 b,HAT-P-28,G3,5680.00,13.58500000,198.95300000,3.25721500000,0.00000700000,3.2184000,1.47190000,2455417.59832000,0.00053000,13.0009159,34.7284020,HATNet,"57,84",2
HAT-P-16 b,HAT-P-16,F8,6140.00,14.68376472,1341.56043000,2.77596727000,0.00000009000,3.0624000,1.36130000,2455027.60356000,0.00035000,9.5730343,42.4630961,HATNet,"17,57,84",3
WASP-64 b,WASP-64,G7,5400.00,14.24700000,403.94500000,1.57329180000,0.00000150000,2.3997600,1.52200000,2455582.60169000,0.00027000,101.1149223,-32.8583878,SuperWASP,"6,7,33,34,87",5
TOI-3486 b,TOI-3486,,4930.00,10.57006880,99.16246298,2.21778105000,0.00000088000,1.7170000,1.51500000,2459797.24218000,0.00018000,249.4432035,-59.3051077,Transiting Exoplanet Survey Satellite (TESS),"66,93,100,102",4
TrES-4 b,TrES-4,F8 V,6200.00,18.04649000,247.90740000,3.55395000000,0.00007500000,3.6341388,0.98000000,2460478.71288500,0.00002300,268.3043361,37.2117397,TrES,"25,26,40,52,53,79,80",7
WASP-35 b,WASP-35,,5990.00,14.57170000,225.65930000,3.16158000000,0.00000200000,3.1425792,1.50000000,2458120.80442100,0.00006800,76.0818912,-6.2297801,SuperWASP,"5,32,98",3
TOI-3593 b,TOI-3593,,5550.00,11.02963701,565.73456446,3.82128670000,0.00000160000,2.4860000,1.21000000,2460055.72703000,0.00016000,331.5063640,34.2116583,Transiting Exoplanet Survey Satellite (TESS),"56,83",2
HAT-P-3 b,HAT-P-3,K1,5185.00,10.53646000,206.58950000,2.89970000000,0.00005400000,2.0808000,1.20000000,2455694.72623000,0.00008000,206.0940142,48.0285650,HATNet,"16,22,49,76",4
HATS-3 b,HATS-3,F,6351.00,15.48000000,340.38200000,3.54785100000,0.00000500000,3.5856000,1.00000000,2456155.96734000,0.00014000,312.4574879,-24.4286938,HATSouth,"1,92",2
K2-253 b,K2-253,,6027.00,12.67000000,,4.00167000000,0.00013000000,2.1000000,1.25900000,2457583.99930000,0.00130000,186.0853062,-6.3789537,K2,"46,91",2
Kepler-491 b,Kepler-491,,5582.00,8.92000000,59.00000000,4.22538451200,0.00000026800,2.8182900,0.75630000,2454970.56067430,0.00005340,287.1305782,42.3501533,Kepler,"40,41,53,55,74,75,80,81",8
HATS-36 b,HATS-36,G0 V,5950.00,12.92000000,1022.14128000,4.17518600000,0.00003300000,3.3792000,1.37910000,2457314.46310000,0.00031000,291.4787013,-23.2028183,HATSouth,92,1
Kepler-471 b,Kepler-471,,6733.00,14.96000000,,5.01423457500,0.00000059400,4.6115300,0.67886000,2454966.17425790,0.00009650,299.0975167,43.4975851,Kepler,"41,54,55,74,75,81,82",7
KELT-8 b,KELT-8,G2 V,5754.00,18.15858000,209.76780000,3.24406000000,0.00016000000,3.6774272,1.30000000,2457986.46737000,0.00026000,283.3054489,24.1272483,KELT,"26,40,53,54,80,81",6
WASP-174 b,WASP-174,F6 V,6399.00,16.10730527,104.88337431,4.23370050000,0.00000180000,2.0940000,0.86000000,2458545.52660000,0.00014000,195.7940145,-41.3848617,SuperWASP-South,"37,64,101,102",4
WASP-74 b,WASP-74,F9,5990.00,15.24424000,228.83760000,2.13775000000,0.00000100000,2.2920000,0.96000000,2457103.32597100,0.00008500,304.5388430,-1.0760033,SuperWASP,81,1
TOI-5322 b,TOI-5322,,5692.00,16.61170940,184.02264765,5.42332070000,0.00000390000,5.1110000,1.08600000,2460035.27909000,0.00030000,6.5293373,14.3364283,Transiting Exoplanet Survey Satellite (TESS),"57,70,84",3
WASP-82 b,WASP-82,F5,6480.00,18.15858000,371.86110000,2.70579000000,0.00000200000,4.9920000,0.63000000,2458217.09214000,0.00014000,72.6605916,1.8938365,SuperWASP,"5,98",2
WASP-163 b,WASP-163,,5500.00,13.47321800,594.34210000,1.60968840000,0.00000150000,2.2320000,1.41700000,2457918.46200000,0.00040000,256.5375549,-10.4130071,SuperWASP-South,91,1
TOI-3321 b,TOI-3321,,5850.00,15.55806521,176.07693748,3.65251450000,0.00000270000,4.3100000,0.96600000,2458940.81751000,0.00039000,265.7603351,-65.0082516,Transiting Exoplanet Survey Satellite (TESS),"66,93,100,101,102",5
TOI-6016 b,TOI-6016,F,6110.00,13.67495645,371.85923619,4.02368700000,0.00000300000,5.7000000,0.89250000,2459877.79300000,0.00030000,4.5239602,59.7661983,Transiting Exoplanet Survey Satellite (TESS),"57,58,77,78,84,85",6
HAT-P-52 b,HAT-P-52,K1,5131.00,11.30988100,259.98494000,2.75359530000,0.00000940000,2.4072000,1.44600000,2455852.10326000,0.00041000,42.7217412,29.0222492,HATNet,"42,43,44,58,85",5
HAT-P-60 b,HAT-P-60,,6212.00,18.28184752,182.43350562,4.79478130000,0.00000240000,5.0350000,0.68640000,2458360.94029000,0.00056000,28.2825719,52.0539209,HATNet,"58,85",2
Kepler-43 b,Kepler-43,F8 V,6041.00,13.66377100,1026.59090000,3.02409490000,0.00000060000,2.9000000,0.80048000,2454965.41624000,0.00002000,285.2408288,46.6682411,Kepler,"40,41,53,55,74,75,80,81,82",9
TOI-3364 b,TOI-3364,,5706.00,12.22899794,530.77343969,5.87689180000,0.00000690000,4.6460000,0.62400000,2459090.99481000,0.00040000,144.5377709,-49.3352226,Transiting Exoplanet Survey Satellite (TESS),"62,63,89,90",4
HAT-P-69 b,HAT-P-69,,7394.00,18.78628400,1137.83140000,4.78694910000,0.00000180000,5.1264000,0.76270000,2458495.78861000,0.00072000,130.5056385,3.7105662,HATNet,"34,61,88",3
TOI-2580 b,TOI-2580,F,6120.00,17.37392009,200.23189641,3.39775000000,0.00000200000,8.3800000,0.99600000,2458839.45340000,0.00050000,62.1992072,67.1165264,Transiting Exoplanet Survey Satellite (TESS),"59,73,86",3
WASP-168 b,WASP-168,F9 V,6000.00,16.81350000,133.48860000,4.15365800000,0.00000300000,1.9128000,1.19000000,2457424.52780000,0.00040000,96.7446427,-46.8213635,SuperWASP-South,"32,33,34,61,88,98",6
NGTS-31 b,NGTS-31,,5710.00,18.04645893,355.96781584,4.16273400000,0.00000400000,3.3190000,1.28700000,2459039.16150000,0.00040000,80.4212533,-38.6568270,Transiting Exoplanet Survey Satellite (TESS),98,1
WASP-173 A b,WASP-173 A,G3,5800.00,13.45080000,1172.79270000,1.38665318000,0.00000027000,2.2968000,1.23000000,2457288.85850000,0.00020000,354.1686959,-34.6113042,SuperWASP-South,"2,29,69,96",4
WASP-47 b,WASP-47,G9,5565.00,12.86000000,374.00000000,4.15915100000,0.00000040000,3.5722000,1.27120000,2459407.76198700,0.00000020,331.2030920,-12.0190670,SuperWASP,"42,92",2
CoRoT-12 b,CoRoT-12,,5675.00,16.14000000,291.43800000,2.82804200000,0.00001300000,2.5742400,1.74400000,2454398.62707000,0.00036000,100.7656871,-1.2964437,CoRoT,"6,33,87",3
WASP-160 B b,WASP-160 B,K0 V,5298.00,12.21781000,88.35674000,3.76849520000,0.00000350000,2.8442400,1.66300000,2457383.65494000,0.00021000,87.6795610,-27.6233218,SuperWASP-South,"32,33,87,98",4
WASP-193 b,WASP-193,F9,6080.00,14.78464554,35.59678158,6.24634750000,0.00000150000,4.2559000,1.24800000,2459243.31080000,0.00024000,164.3491401,-29.9971229,WASP-South,"63,90,99,100",4
KELT-6 b,KELT-6,F8,6102.00,14.57170000,165.27160000,7.84570000000,0.00020000000,5.8300000,0.60000000,2457218.65874000,0.00034000,195.9818362,30.6401450,KELT,"23,49",2
Kepler-485 b,Kepler-485,,5958.00,14.41000000,,3.24325979600,0.00000018300,3.0359800,1.75123000,2454966.66904420,0.00004640,294.9963415,50.4700458,Kepler,"41,54,55,56,74,75,76,81,82,83",10
CoRoT-19 b,CoRoT-19,F9 V,6090.00,14.46000000,352.78000000,3.89713000000,0.00002000000,4.7000000,0.63127463,2455257.44102000,0.00060000,97.0335983,-0.1707293,CoRoT,"6,33,87",3
TOI-2236 b,TOI-2236,,6248.00,14.36991326,502.16888306,3.53159020000,0.00000260000,3.0480000,0.70110000,2459011.45704000,0.00023000,20.1660113,-86.9799650,Transiting Exoplanet Survey Satellite (TESS),"66,67,93,94",4
HAT-P-40 b,HAT-P-40,,6080.00,17.03768000,152.55840000,4.45724000000,0.00001000000,6.1368000,0.65000000,2456651.13368000,0.00042000,335.5129199,45.4573423,HATNet,"56,57,76,77,83,84",6
WASP-22 b,WASP-22,G1 V,6000.00,13.78707000,212.94610000,3.53269000000,0.00001000000,3.4802400,1.00000000,2456850.43601000,0.00015000,52.8180374,-23.8197924,SuperWASP,4,1
WASP-85 A b,WASP-85 A,G5 V,6112.00,13.89916000,402.05495000,2.65567770000,0.00000044000,2.5958400,1.87000000,2456847.47285600,0.00001400,175.9080328,6.5637842,K2,"45,46,72",3
Kepler-7 b,Kepler-7,,5933.00,18.18099800,140.16303000,4.88548920000,0.00000090000,5.1313000,0.75693000,2454967.27687000,0.00003000,288.5814928,41.0897335,Kepler,"40,41,54,55,74,75,80,81",8
Kepler-6 b,Kepler-6,,5647.00,14.61653600,212.31044000,3.23469960000,0.00000040000,3.5938500,1.08141000,2454954.48652800,0.00000900,296.8372475,48.2399695,Kepler,"41,54,55,56,74,75",6
TOI-5210 b,TOI-5210,,5723.00,10.72699453,81.99972901,4.56610610000,0.00000240000,3.7100000,0.66200000,2459854.90873000,0.00028000,314.3169230,21.9502055,Transiting Exoplanet Survey Satellite (TESS),82,1
HATS-1 b,HATS-1,,5870.00,14.59400000,589.55000000,3.44645900000,0.00000400000,2.4168000,1.63207912,2455241.28722000,0.00071000,175.5252399,-23.3548451,HATSouth,"10,36,63,90,100,101",6
OGLE-TR-132 b,OGLE-TR-132,F5 V,6210.00,13.45000000,375.02000000,1.68986800000,,2.2742400,0.91700000,2453142.58884000,0.00009000,162.6440933,-61.9572476,OGLE,"10,11,37,63,64,90",6
HATS-63 b,HATS-63,,5627.00,13.52926300,305.11680000,3.05665270000,0.00000490000,2.4480000,1.25175204,2457659.93755000,0.00089000,67.4185820,-28.1972149,HATSouth,"31,32,98",3
HATS-11 b,HATS-11,G0,6563.00,18.03000000,263.79890000,3.61918800000,0.00002800000,4.3684800,1.37340000,2457313.27367000,0.00033000,289.4007603,-22.3900092,HATSouth,92,1
HATS-39 b,HATS-39,,6572.00,17.59813000,200.23290000,4.57763480000,0.00000730000,3.7320000,1.08694903,2457315.28338000,0.00055000,112.4192251,-29.9379163,HATSouth,"34,61,88",3
WASP-177 b,WASP-177,K2,5017.00,17.71022000,161.45764000,3.07172200000,0.00000100000,1.6128000,1.85000000,2457994.37140000,0.00028000,334.7969885,-1.8344301,SuperWASP,"42,55,82,92",4
TOI-640 b,TOI-640,,6460.00,19.27944680,181.16219199,5.00377700000,0.00000200000,3.6960000,0.73900000,2458459.74130000,0.00030000,99.7345935,-36.6461300,Transiting Exoplanet Survey Satellite (TESS),"33,34,87",3
KELT-17 b,KELT-17,A,7454.00,17.09372500,416.35730000,3.08017160000,0.00000530000,3.4752000,0.90700000,2457226.14219400,0.00033000,125.6174070,13.7353093,KELT,"44,45,46,71,72",5
TOI-2109 b,TOI-2109,F,6540.00,15.09849700,1595.49860314,0.67247414000,0.00000002800,1.8010000,0.66510000,2459378.45937000,0.00005900,253.1862971,16.5799153,Transiting Exoplanet Survey Satellite (TESS),"52,79",2
KPS-1 b,KPS-1,K1 V,5165.00,11.54527000,346.43470000,1.70629100000,0.00005900000,1.6800000,1.09800000,2457508.37019000,0.00079000,165.1671980,64.9638452,Acton Sky Portal Observatory,"21,41,47,48,74,75",6
Kepler-424 b,Kepler-424,,5460.00,9.98000000,327.35000000,3.31186440000,0.00000039000,1.3944000,0.59765000,2454964.74270000,0.00023000,298.6249797,48.5774500,Kepler,"41,54,55,56,74,76,82,83",8
HATS-30 b,HATS-30,G,5943.00,13.17057500,224.38798000,3.17435160000,0.00000260000,2.7504000,1.54573248,2456629.76156000,0.00036000,5.6185250,-59.9425892,HATSouth,"1,2,28,29,68,95,96,102",8
WASP-167 b,WASP-167,F1 V,7000.00,17.71022000,2542.64000000,2.02195960000,0.00000060000,2.7240000,0.82000000,2456592.46430000,0.00020000,196.0437932,-35.5495292,Multiple Observatories,"10,37,64,101,102",5
HATS-4 b,HATS-4,G,5403.00,11.43300000,420.47100000,2.51672900000,0.00000200000,2.5272000,1.64065457,2455808.34095000,0.00036000,94.1120914,-22.5468824,HATSouth,"6,33,87",3
KELT-4 A b,KELT-4 A,F,6206.00,19.04409100,286.68266000,2.98959320000,0.00000490000,3.4627200,1.18700000,2456190.30201000,0.00022000,157.0626200,25.5731366,KELT,48,1
WASP-141 b,WASP-141,F9,5900.00,13.56289000,854.96270000,3.31065100000,0.00000500000,3.6000000,0.83000000,2457019.59530000,0.00030000,71.8244347,-17.1151736,SuperWASP-South,"5,32,98",3
TOI-1107 b,TOI-1107,F6 V,6311.00,14.57167491,1064.72516345,4.07823870000,0.00000240000,4.8475616,0.60466960,2459385.01230000,0.00020000,155.6078632,-82.2188693,Transiting Exoplanet Survey Satellite (TESS),"38,39,65,66,93",5
CoRoT-4 b,CoRoT-4,,6190.00,13.34000000,228.83000000,9.20205000000,0.00037000000,4.4317333,1.38123234,2454141.36416000,0.00089000,102.1946233,-0.6727861,CoRoT,"6,33,87",3
HATS-27 b,HATS-27,F,6438.00,16.81350000,168.44990000,4.63703800000,0.00001400000,4.8312000,0.77659973,2457029.33740000,0.00110000,193.5524603,-46.5877159,HATSouth,"10,11,37,64,100",5
Kepler-762 b,Kepler-762,,5944.00,12.68000000,,3.77055209800,0.00000094200,3.8277000,1.38917000,2455190.11824200,0.00017600,291.2756631,47.3295107,Kepler,"40,41,54,55,74,75,80,82",8
Kepler-76 b,Kepler-76,F,6409.00,15.24424000,638.83830000,1.54492980000,0.00000040000,1.4278400,0.59150000,2454966.54841000,0.00001000,294.1921185,39.6189727,Kepler,"40,41,54,55,81,82",6
WASP-55 b,WASP-55,,6096.00,14.72860064,186.24744650,4.46563100000,0.00000130000,3.5332800,1.83550000,2455737.93919000,0.00097000,203.7581951,-17.5034961,SuperWASP,"10,37,91",3
