pl_name,hostname,st_spectype,st_teff,pl_rade,pl_bmasse,pl_orbper,pl_orbpererr1,pl_trandur,pl_trandep,pl_tranmid,pl_tranmiderr1,ra,dec,disc_facility
"Kepler-1740 b","Kepler-1740",,5705.00,3.32321414,11.00000000,8.17240047500,,3.9020000,0.08643000,2455194.20248000,0.00221000,293.8736630,38.9224548,"Kepler"
"HD 18599 b","HD 18599","K2 V",5145.00,2.60000000,24.10000000,4.13743540000,0.00000360000,2.0600000,0.10084447,2459111.73946000,0.00068000,44.2620144,-56.1918694,"Transiting Exoplanet Survey Satellite (TESS)"
"Kepler-498 b","Kepler-498",,5744.00,3.03000000,9.43000000,9.61375356000,0.00001173000,4.7305000,0.07979000,2454965.18509000,0.00101000,290.3581592,44.5187225,"Kepler"
"Kepler-571 b","Kepler-571",,5527.00,2.64000000,7.46000000,4.79859938800,0.00000540300,2.9979000,0.08174000,2455006.25775700,0.00085200,286.5510448,49.4187310,"Kepler"
"Kepler-416 b","Kepler-416",,5718.00,2.48000000,58.20000000,6.31900000000,,3.2023000,0.05983000,2454965.23059000,0.00161000,291.5569554,39.2272923,"Kepler"
"Kepler-414 c","Kepler-414",,5536.00,3.01000000,29.90000000,7.17100000000,,2.9225000,0.08633000,2455009.66684400,0.00074700,297.9615616,48.2443363,"Kepler"
"Kepler-314 c","Kepler-314",,5378.00,2.90000000,8.75000000,5.96039200000,0.00000500000,2.7650000,0.08239000,2454970.26485000,0.00051000,294.6741507,42.0756037,"Kepler"
"Kepler-269 b","Kepler-269",,5847.00,2.47000000,6.66000000,5.32671800000,0.00003500000,3.3870000,0.06114000,2455190.12204000,0.00329000,290.2151459,41.7759810,"Kepler"
"Kepler-963 b","Kepler-963","G",5461.00,2.66000000,7.56000000,9.97683705000,0.00001568000,3.4190000,0.09922000,2454964.76674000,0.00131000,296.7529742,45.0411049,"Kepler"
"Kepler-148 c","Kepler-148",,5272.00,3.60000000,12.60000000,4.18004300000,0.00000400000,2.4820000,0.18805000,2455006.71928000,0.00054000,289.7861626,46.8588176,"Kepler"
"Kepler-260 b","Kepler-260",,5250.00,2.01000000,4.70000000,8.18739900000,0.00002200000,3.0270000,0.05707000,2455093.86771000,0.00136000,291.9259658,38.0140525,"Kepler"
"Kepler-306 c","Kepler-306",,4954.00,2.35000000,6.12000000,7.24019300000,0.00003200000,3.0520000,0.08649000,2455188.01328000,0.00219000,288.5387145,40.6160545,"Kepler"
"Kepler-292 d","Kepler-292",,5299.00,2.23000000,5.60000000,7.05567900000,0.00004300000,3.1450000,0.07056000,2455014.90973000,0.00369000,295.7661979,42.4242822,"Kepler"
"Kepler-119 b","Kepler-119",,5595.00,3.60000000,12.60000000,2.42208200000,0.00000100000,2.5740000,0.18718000,2454965.93928000,0.00019000,295.9463854,42.6588324,"Kepler"
"Kepler-619 b","Kepler-619",,5980.00,3.16000000,10.10000000,5.40427219700,0.00000555000,2.4748000,0.07703000,2455005.18554300,0.00080100,290.8490899,48.4159782,"Kepler"
"Kepler-656 b","Kepler-656",,5281.00,3.12000000,9.91000000,1.26025909400,0.00000066100,1.8742000,0.11307000,2455003.40885400,0.00041700,288.3278778,47.3815380,"Kepler"
"Kepler-305 b","Kepler-305",,5080.00,3.60000000,10.50000000,5.48700000000,,2.9300000,0.13286000,2455189.07730000,0.00145000,299.2242557,40.3431670,"Kepler"
"Kepler-266 b","Kepler-266",,5885.00,2.48000000,6.71000000,6.61833000000,0.00004800000,3.7170000,0.05491000,2455193.36960000,0.00323000,294.4843821,44.1669355,"Kepler"
"Kepler-319 c","Kepler-319",,5526.00,2.63000000,7.41000000,6.94135700000,0.00000700000,1.7910000,0.08670000,2454970.54285000,0.00061000,288.8119782,39.7706431,"Kepler"
"Kepler-346 b","Kepler-346",,6033.00,2.66000000,7.56000000,6.51112700000,0.00001700000,1.5090000,0.06951000,2454964.70570000,0.00166000,288.0119248,46.1176003,"Kepler"
"KOI-7368 b","KOI-7368",,5241.00,2.22000000,5.56000000,6.84303440000,0.00001250000,2.7900000,0.17230000,2454970.04630000,0.00140000,293.9476365,48.0652589,"Kepler"
"Kepler-244 c","Kepler-244",,5554.00,2.05000000,4.86000000,9.76729200000,0.00004600000,1.3730000,0.05691000,2455019.57903000,0.00229000,287.2426410,42.3014185,"Kepler"
"Kepler-506 b","Kepler-506",,6236.00,2.73000000,7.90000000,6.88340550000,0.00000314900,2.0651000,0.05034000,2455005.66260300,0.00035700,284.6351885,40.7198296,"Kepler"
"TOI-1346 c","TOI-1346",,5099.00,2.23000000,5.60000000,5.50255800000,0.00001500000,3.1711008,0.08447023,2459771.72743000,0.00045000,256.6226752,68.8433031,"Transiting Exoplanet Survey Satellite (TESS)"
"Kepler-234 c","Kepler-234",,6224.00,3.51000000,12.10000000,7.21205000000,0.00002200000,4.0390000,0.09504000,2455005.81664000,0.00178000,291.6535379,38.4946597,"Kepler"
"Kepler-188 c","Kepler-188",,6021.00,3.19000000,10.30000000,5.99655300000,0.00001500000,3.2310000,0.07114000,2455005.50314000,0.00146000,281.2797173,44.3154743,"Kepler"
"Kepler-192 b","Kepler-192",,5479.00,2.74000000,7.95000000,9.92674600000,0.00001800000,3.7800000,0.07255000,2455008.68501000,0.00102000,287.9179379,45.5928829,"Kepler"
"Kepler-254 b","Kepler-254",,5957.00,3.87000000,14.30000000,5.82666200000,0.00001000000,3.0320000,0.15391000,2455006.01039000,0.00101000,288.1646541,45.8164257,"Kepler"
"Kepler-248 b","Kepler-248",,5190.00,3.02000000,9.38000000,6.30820500000,0.00001000000,3.0080000,0.14465000,2455007.04657000,0.00089000,293.0613138,43.5813577,"Kepler"
"TOI-4308 b","TOI-4308",,5243.00,2.41890000,6.43000000,9.15120100000,0.00003600000,2.6160000,0.10740000,2458333.42840000,0.00260000,327.7530693,-43.5623642,"Transiting Exoplanet Survey Satellite (TESS)"
"TOI-1174 b","TOI-1174",,5030.00,2.56200000,32.00000000,8.95348768300,0.00000903900,3.0631000,0.11360000,2459657.03302000,0.00073000,209.2171751,68.6182106,"Transiting Exoplanet Survey Satellite (TESS)"
"Kepler-487 d","Kepler-487",,5422.00,2.77513568,8.12000000,2.41839003600,,2.0744000,0.06654000,2454965.50558700,0.00086400,295.2872318,41.2220033,"Kepler"
"Kepler-221 c","Kepler-221",,5243.00,2.93000000,9.30000000,5.69058600000,0.00000400000,2.5220000,0.13720000,2455007.04865000,0.00037000,296.6547477,46.8352242,"Kepler"
"Kepler-245 b","Kepler-245",,5100.00,2.57000000,146.78000000,7.49019000000,0.00001900000,2.8040000,0.12124000,2455007.94919000,0.00132000,291.6389972,42.4363482,"Kepler"
"Kepler-246 b","Kepler-246",,5206.00,2.34000000,6.08000000,4.60182000000,0.00000800000,2.2270000,0.07559000,2455002.97887000,0.00096000,296.4834007,42.6633806,"Kepler"
"Kepler-179 c","Kepler-179",,5302.00,2.00000000,4.66000000,6.40013000000,0.00001700000,1.8420000,0.07432000,2455007.02343000,0.00136000,298.6636163,47.7619329,"Kepler"
"Kepler-226 c","Kepler-226",,5571.00,2.27000000,45.20000000,5.34955500000,0.00001400000,3.0510000,0.08310000,2455004.80599000,0.00148000,292.3760942,47.8809596,"Kepler"
"Kepler-237 c","Kepler-237",,4861.00,2.08000000,4.98000000,8.10363600000,0.00003200000,3.1500000,0.08879000,2455009.94805000,0.00237000,283.2213438,40.4217620,"Kepler"
"Kepler-161 b","Kepler-161",,5078.00,2.12000000,2.63000000,4.92135500000,0.00000600000,1.8730000,0.08001000,2455007.29899000,0.00070000,290.5164698,43.0838642,"Kepler"
"Kepler-864 b","Kepler-864",,5754.00,2.40000000,6.35000000,5.83376092000,0.00001891000,3.8589000,0.05329000,2454971.74873000,0.00267000,285.0570943,46.3206074,"Kepler"
"Kepler-166 b","Kepler-166",,5413.00,2.27000000,5.77000000,7.65025400000,0.00001200000,2.7490000,0.09814000,2455004.97149000,0.00088000,293.1600977,48.8812074,"Kepler"
"Kepler-232 b","Kepler-232",,5847.00,3.08000000,9.69000000,4.43122200000,0.00001100000,3.1720000,0.10109000,2455004.01551000,0.00139000,295.8161668,51.1217249,"Kepler"
"Kepler-233 b","Kepler-233",,5360.00,2.43000000,6.48000000,8.47238200000,0.00002600000,2.6970000,0.11235000,2455007.16212000,0.00160000,296.3665054,51.3194548,"Kepler"
"K2-388 b","K2-388","G8",5310.00,3.90000000,14.50000000,6.33932000000,0.00013000000,3.0200000,0.17390000,2457741.79456000,0.00088000,352.7139342,-11.0773564,"K2"
"TOI-1301.01","TOI-1301",,4820.00,2.47700000,6.70000000,6.09640720900,0.00000356500,2.3326000,0.11424892,2459710.29440000,0.00033000,275.8625432,71.5817479,"Transiting Exoplanet Survey Satellite (TESS)"
"TOI-697 b","TOI-697",,5681.95,2.35859364,6.16000000,8.60788713593,0.00005735379,3.3441790,0.05550622,2459185.02728159,0.00256537,69.7042208,-36.6813257,"Transiting Exoplanet Survey Satellite (TESS)"
"Kepler-949 b","Kepler-949",,5403.00,2.91000000,8.80000000,8.68930729600,0.00000963200,2.5913000,0.11170000,2454966.66108700,0.00086300,298.6079128,46.4536600,"Kepler"
"TOI-808 b","TOI-808",,5078.20,2.20344362,5.49000000,9.73944854026,0.00007194122,3.4986254,0.06417241,2459257.30445666,0.00305667,133.7485497,-44.2886304,"Transiting Exoplanet Survey Satellite (TESS)"
"HD 191939 b","HD 191939","G9 V",5348.00,3.41000000,10.00000000,8.88032560000,0.00000470000,2.9390000,0.12380000,2459443.54236000,0.00025000,302.0256247,66.8503014,"Transiting Exoplanet Survey Satellite (TESS)"
"Kepler-19 b","Kepler-19",,5541.00,2.20900000,6.10000000,9.28699000000,0.00000000000,3.3652000,0.06917000,2454959.70740000,0.00140000,290.4209694,37.8516556,"Kepler"
"TOI-3353.01","TOI-3353",,6365.00,2.66675550,7.59000000,4.66579650000,,3.0411764,0.05650000,2460174.14998000,0.00077650,106.5298146,-75.8195594,"Transiting Exoplanet Survey Satellite (TESS)"
"K2-285 c","K2-285","K2 V",4975.00,3.53000000,15.68000000,7.13804800000,0.00007200000,2.5200000,0.21000000,2457744.53906000,0.00039000,349.3843458,1.3001522,"K2"
"K2-372 b","K2-372",,5479.00,2.94500000,8.98000000,9.84407700000,0.00056500000,3.6288000,0.10930000,2457146.32870000,0.00190000,130.7988719,13.0094226,"K2"
"TOI-332 b","TOI-332","K0 V",5251.00,3.20000000,57.20000000,0.77703800000,0.00000100000,1.5200000,0.08300000,2459062.44470000,0.00060000,348.0589516,-44.8764852,"Transiting Exoplanet Survey Satellite (TESS)"
"TOI-1117 b","TOI-1117","G5 V",5635.00,2.46000000,8.90000000,2.22816000000,0.00001000000,2.0150000,0.06300000,2459386.96400000,0.00400000,273.6020606,-66.4199742,"Transiting Exoplanet Survey Satellite (TESS)"
"K2-378 b","K2-378",,4823.00,2.88000000,8.65000000,2.06043800000,0.00011800000,1.4904000,0.16970000,2457217.84930000,0.00180000,205.1596569,-11.1172332,"K2"
"TOI-1853 b","TOI-1853","K2.5 V",4985.00,3.46000000,73.20000000,1.24362580000,0.00000150000,1.1900000,0.17900000,2459690.74200000,0.00060000,211.4593468,16.9923703,"Transiting Exoplanet Survey Satellite (TESS)"
"TOI-1136 c","TOI-1136",,5770.00,2.87900000,6.32000000,6.25740000000,0.00020000000,3.4880319,0.08130000,2460366.02651400,0.00179860,192.1848981,64.8552755,"Transiting Exoplanet Survey Satellite (TESS)"
"Kepler-1814 b","Kepler-1814",,4922.00,2.36961357,6.21000000,2.93535995500,,1.5043000,0.10773000,2454969.18492000,0.00139000,285.2166767,41.2824449,"Kepler"
"K2-178 b","K2-178",,5525.00,3.55790985,12.40000000,8.74781800000,0.00036300000,3.4272000,0.14490000,2457070.33656000,0.00147400,52.8888524,22.4348186,"K2"
"K2-275 c","K2-275",,4841.00,2.21000000,5.52000000,8.43883850000,0.00000750000,2.3400000,0.10950000,2457142.48671610,0.00045750,132.1698795,20.4550162,"K2"
"TOI-4747 b","TOI-4747",,5595.08,3.95803201,14.80000000,5.21924158592,0.00002758578,2.6763556,0.15000000,2459196.39359501,0.00224772,86.4276650,-45.0292291,"Transiting Exoplanet Survey Satellite (TESS)"
"TOI-763 b","TOI-763","G",5450.00,2.28000000,9.79000000,5.60570000000,0.00130000000,3.0505970,0.07011882,2458572.10200000,0.00310000,194.4680980,-39.7580613,"Transiting Exoplanet Survey Satellite (TESS)"
"Kepler-1990 b","Kepler-1990",,5751.00,3.27000000,10.70000000,1.73513619000,0.00000028200,2.2741000,0.09526000,2454968.06004700,0.00013600,299.7047433,44.4357068,"Kepler"
"TOI-5803 b","TOI-5803",,5134.00,3.27320000,10.70000000,5.38305000000,0.00020700000,1.3820000,0.10780000,2459802.71030000,0.00040000,327.2487497,6.2781777,"Transiting Exoplanet Survey Satellite (TESS)"
"TOI-125 b","TOI-125","K0 V",5320.00,2.72600000,9.50000000,4.65382000000,0.00033000000,2.9616000,0.08700000,2458355.35529000,0.00100000,23.5934253,-66.6763495,"Transiting Exoplanet Survey Satellite (TESS)"
"TOI-1246 b","TOI-1246","K V",5151.00,3.01000000,8.10000000,4.30744000000,0.00002000000,2.3379196,0.10948419,2458686.56580000,0.00100000,251.1158702,70.4299917,"Transiting Exoplanet Survey Satellite (TESS)"
"TOI-921 b","TOI-921",,6011.66,3.53409617,12.20000000,5.12871907628,0.00002010057,2.1590444,0.08094473,2459164.91866885,0.00161217,99.6742038,-56.2205396,"Transiting Exoplanet Survey Satellite (TESS)"
"Kepler-472 b","Kepler-472",,4996.00,3.22000000,10.50000000,4.17625551400,0.00000184400,3.7012000,0.13601000,2454966.09034100,0.00036100,296.5245187,39.2498503,"Kepler"
"K2-8 c","K2-8","K3 V",4870.00,2.41000000,6.39000000,5.06416000000,0.00041000000,2.0800000,0.09930000,2456813.07070000,0.00330000,169.7935178,-0.2844389,"K2"
"Kepler-694 b","Kepler-694",,5700.00,2.80000000,8.25000000,6.36584161200,0.00000810000,2.9697000,0.07807000,2455004.13543000,0.00103000,291.1495269,40.4204569,"Kepler"
"Kepler-411 b","Kepler-411","K2 V",4974.00,2.40100000,25.60000000,3.00515600000,0.00000200000,1.9686000,0.06900000,2455135.38740000,0.00030000,287.6057027,49.5233937,"Kepler"
"TOI-849 b","TOI-849","G",5257.00,3.64000000,41.80000000,0.76554800000,0.00005300000,1.5700000,0.14100000,2458871.68120000,0.00830000,28.7157956,-29.4217086,"Transiting Exoplanet Survey Satellite (TESS)"
"Kepler-1195 b","Kepler-1195",,4965.00,2.08000000,4.98000000,8.49642241000,0.00002872000,2.2373000,0.08340000,2454971.73517000,0.00277000,284.3510523,40.8529319,"Kepler"
"Kepler-224 c","Kepler-224",,5018.00,3.12000000,9.91000000,5.92500300000,0.00001000000,2.8430000,0.17361000,2455002.71508000,0.00098000,290.9342679,47.3575414,"Kepler"
"K2-348 b","K2-348",,5077.00,3.26000000,10.70000000,4.68841800000,0.00011900000,2.7500000,0.14690000,2458096.71677200,0.00099500,130.8783479,24.4229559,"K2"
"TOI-4578 b","TOI-4578",,5951.32,2.26974262,5.77000000,8.62392630369,0.00005686319,2.0612885,0.06751211,2459634.20075625,0.00336722,184.2109675,75.1402358,"Transiting Exoplanet Survey Satellite (TESS)"
"K2-268 c","K2-268",,5106.00,2.69000000,7.70000000,9.32752700000,0.00002100000,3.3500000,0.12390000,2457140.84665000,0.00213300,133.7094899,11.8482712,"K2"
"Kepler-668 b","Kepler-668",,5352.00,2.70000000,7.75000000,8.35390639000,0.00001695000,2.2712000,0.10416000,2455004.63264000,0.00156000,285.4992845,49.2772713,"Kepler"
"TOI-6393 b","TOI-6393",,5008.20,2.75958542,8.04000000,9.53176110329,0.00009775099,3.1045696,0.10950000,2458702.88097223,0.00705464,141.2436918,68.7883127,"Transiting Exoplanet Survey Satellite (TESS)"
"TOI-2071 b","TOI-2071",,5755.41,2.56484195,7.10000000,5.67395386982,0.00002290491,2.8641894,0.06412779,2459784.44248281,0.00207397,256.6011813,57.6610327,"Transiting Exoplanet Survey Satellite (TESS)"
"TOI-2227 b","TOI-2227",,5889.54,3.09885187,9.79000000,4.22175815648,0.00002304409,2.7429639,0.05940000,2459050.44371553,0.00161014,337.5177563,-67.8501459,"Transiting Exoplanet Survey Satellite (TESS)"
"TOI-4513 b","TOI-4513",,5623.93,2.34587608,6.11000000,9.76042253684,0.00109793125,2.2316268,0.07900000,2459468.70118266,0.00207284,18.0905179,13.7550796,"Transiting Exoplanet Survey Satellite (TESS)"
"Kepler-989 b","Kepler-989",,5074.00,2.21000000,5.52000000,7.96431535200,0.00000961700,1.4980000,0.07460000,2454969.81672000,0.00102000,281.5827983,47.2334674,"Kepler"
"Kepler-956 b","Kepler-956",,6040.00,3.00000000,9.27000000,5.24867263100,0.00000312100,1.8418000,0.06212000,2454968.51625300,0.00052500,292.5308289,49.0616555,"Kepler"
"EPIC 212297394 c","EPIC 212297394",,5171.00,2.27000000,5.77000000,5.21396500000,0.00044200000,2.6200000,0.08280000,2457222.47887900,0.00364800,207.2061241,-17.6098985,"K2"
"K2-386 b","K2-386",,5749.00,2.32000000,5.99000000,7.47322300000,0.00037400000,3.5568000,0.06610000,2457395.90560000,0.00240000,18.2999964,7.0130302,"K2"
"TOI-3896 b","TOI-3896",,5110.91,3.14949237,10.10000000,4.37730369667,0.00001540543,2.3689451,0.14300000,2458903.31049730,0.00157840,187.9302395,63.9085462,"Transiting Exoplanet Survey Satellite (TESS)"
"TOI-1269 b","TOI-1269",,5499.00,2.40144286,6.40000000,4.25299130000,0.00000680000,2.6216334,0.07585850,2458686.60586000,0.00092000,249.6966397,64.5591810,"Transiting Exoplanet Survey Satellite (TESS)"
"HIP 94235 b","HIP 94235","G V",5991.00,3.00000000,379.00000000,7.71305700000,0.00002100000,2.4700000,0.07284849,2459037.87040000,0.00110000,287.7411441,-60.2726358,"Transiting Exoplanet Survey Satellite (TESS)"
"TOI-880.02","TOI-880","K",5050.00,2.19000000,5.43000000,2.57571000000,0.00028000000,1.9700000,0.07396008,2459400.61280000,0.02000000,94.1644734,-13.9873370,"Transiting Exoplanet Survey Satellite (TESS)"
"TOI-1269 c","TOI-1269",,5554.02,2.22999162,5.60000000,9.23786144195,0.00003949294,2.7438438,0.06600000,2459711.38309896,0.00229960,249.6966397,64.5591810,"Transiting Exoplanet Survey Satellite (TESS)"
"TOI-451 c","TOI-451","G8 V",5490.00,2.93000000,3.70000000,9.19246300000,0.00001700000,3.4610000,0.10480000,2460314.63760000,0.00250000,62.9663850,-37.9397300,"Transiting Exoplanet Survey Satellite (TESS)"
"Kepler-475 b","Kepler-475",,5009.00,2.49000000,6.76000000,3.10550818900,0.00000104200,1.7210000,0.09109000,2454966.21043600,0.00027500,287.0516940,40.2114232,"Kepler"
"Kepler-195 b","Kepler-195",,5329.00,2.03000000,4.78000000,8.30787200000,0.00002000000,3.1500000,0.08238000,2455004.17120000,0.00133000,288.1209339,47.9666141,"Kepler"
"TOI-682.01","TOI-682",,5085.00,3.74186000,13.50000000,6.83923880000,0.00001270000,4.1760000,0.12130000,2460037.25993400,0.00160460,167.8854300,-22.0727803,"Transiting Exoplanet Survey Satellite (TESS)"
"HD 63935 b","HD 63935",,5513.00,2.91575244,10.50000000,9.05880700000,0.00001500000,3.7026559,0.08750000,2458494.44674000,0.00094000,117.9246417,9.3852412,"Transiting Exoplanet Survey Satellite (TESS)"
"Kepler-734 b","Kepler-734",,5326.00,3.56000000,12.40000000,6.10485285600,0.00000289400,4.6760000,0.20903000,2455002.57334100,0.00034700,297.0456122,46.0273893,"Kepler"
"Kepler-1727 b","Kepler-1727",,5349.00,3.17321625,10.20000000,9.02929973600,,3.1323000,0.10198000,2455010.20422000,0.00142000,290.3336142,38.7282722,"Kepler"
"NGTS-4 b","NGTS-4",,5143.00,3.18000000,20.60000000,1.33735080000,0.00000800000,1.8000000,0.12266761,2457607.99750000,0.00340000,89.5988945,-30.8117992,"Next-Generation Transit Survey (NGTS)"
"TOI-669 b","TOI-669",,5597.00,2.58606487,10.00000000,3.94515200000,0.00001800000,2.8712193,0.08410000,2458546.14190000,0.00250000,158.9007013,-5.1813735,"Transiting Exoplanet Survey Satellite (TESS)"
"Kepler-48 c","Kepler-48",,5194.00,2.71000000,14.61000000,9.67395000000,,3.2870000,0.09527000,2454958.33925000,,299.1393094,40.9489390,"Kepler"
"Kepler-255 c","Kepler-255",,5573.00,2.99000000,9.22000000,9.94604700000,0.00003500000,3.3800000,0.09945000,2455004.70016000,0.00210000,296.0642702,45.9767647,"Kepler"
"Kepler-1806 b","Kepler-1806",,5311.00,2.35560189,6.15000000,9.03332042700,,2.8570000,0.06107000,2454970.17030000,0.00370000,287.5349528,49.8016283,"Kepler"
"Kepler-243 b","Kepler-243",,5228.00,2.45000000,6.57000000,5.71544200000,0.00001100000,2.4840000,0.09081000,2455007.87832000,0.00109000,285.1104819,42.0339619,"Kepler"
"Kepler-308 b","Kepler-308",,5895.00,2.12000000,5.14000000,9.69492800000,0.00009000000,2.6090000,0.05152000,2455015.45617000,0.00558000,295.7852423,40.4395753,"Kepler"
"Kepler-465 b","Kepler-465",,6310.00,2.95000000,9.01000000,9.94067246600,0.00000654500,3.9006000,0.05238000,2454968.21507300,0.00054400,284.5557853,46.0638865,"Kepler"
"Kepler-1170 b","Kepler-1170",,5069.00,2.41000000,6.39000000,9.98969327000,0.00004242000,3.7040000,0.09884000,2454966.76149000,0.00348000,292.1685422,43.7795963,"Kepler"
"Kepler-664 b","Kepler-664",,5754.00,2.66000000,7.56000000,2.52559331500,0.00000366500,1.5882000,0.06033000,2455004.59513000,0.00110000,288.7549029,48.2262030,"Kepler"
"Kepler-234 b","Kepler-234",,6224.00,3.70000000,13.20000000,2.71150600000,0.00000600000,3.1750000,0.08375000,2455003.03513000,0.00130000,291.6535379,38.4946597,"Kepler"
"K2-181 b","K2-181",,5528.00,2.69000000,7.70000000,6.89410000000,0.00043000000,2.5200000,0.08280000,2457143.79480000,0.00250000,127.5541103,10.9101444,"K2"
"K2-36 c","K2-36","K2 V",4916.00,3.20000000,7.90000000,5.34088800000,0.00008600000,1.1530000,0.15450000,2456812.84001000,0.00071000,169.4490102,3.8665038,"K2"
"K2-285 b","K2-285","K2 V",4975.00,2.59000000,9.68000000,3.47174500000,0.00004400000,2.1800000,0.09700000,2457743.37545000,0.00051000,349.3843458,1.3001522,"K2"
"Kepler-203 c","Kepler-203",,5821.00,2.47000000,749.90000000,5.37064700000,0.00000800000,2.0140000,0.05194000,2455005.23697000,0.00091000,297.0899590,41.3880686,"Kepler"
"Kepler-1011 b","Kepler-1011",,5416.00,2.87000000,8.60000000,5.75322197400,0.00000941700,1.6828000,0.08151000,2454969.75619000,0.00124000,297.4015491,46.8239976,"Kepler"
"Kepler-717 b","Kepler-717",,5485.00,2.42000000,6.44000000,4.40840023000,0.00001493000,4.9330000,0.05494000,2455005.18930000,0.00289000,292.9655071,43.3463450,"Kepler"
"Kepler-1627 b","Kepler-1627",,5445.00,3.69000000,13.20000000,7.20283653000,0.00008773000,2.8860000,0.18326000,2454968.19376000,0.00886000,284.0566675,41.5767277,"Kepler"
"Kepler-981 b","Kepler-981",,5718.00,2.31000000,5.95000000,4.46975773600,0.00000586300,1.8062000,0.05928000,2454964.84366000,0.00112000,289.2489051,47.6501141,"Kepler"
"Kepler-583 b","Kepler-583",,5523.00,2.28000000,5.82000000,6.51002530000,0.00001381000,3.3302000,0.06028000,2455005.91594000,0.00159000,282.1113206,42.3545514,"Kepler"
"Kepler-173 c","Kepler-173",,6031.00,2.43000000,6.48000000,8.00577700000,0.00001500000,3.1290000,0.06578000,2455003.50340000,0.00116000,294.6466171,41.8840952,"Kepler"
"Kepler-557 b","Kepler-557",,6068.00,2.67000000,7.61000000,3.70598955100,0.00000486700,5.1039000,0.05014000,2455002.94342000,0.00107000,293.7084179,41.6151084,"Kepler"
"Kepler-1044 b","Kepler-1044",,5985.00,2.67000000,7.61000000,6.77408868000,0.00001867000,2.6196000,0.05203000,2454968.95514000,0.00244000,293.1444017,46.6662155,"Kepler"
"Kepler-116 b","Kepler-116",,6142.00,3.42000000,11.60000000,5.96873400000,0.00000900000,3.6390000,0.05279000,2454970.15762000,0.00092000,294.7420605,43.5367842,"Kepler"
"TOI-251 b","TOI-251",,5875.00,2.74000000,317.83000000,4.93777000000,0.00002800000,2.2320000,0.08448199,2458357.30548000,0.00130000,353.0620655,-37.2558629,"Transiting Exoplanet Survey Satellite (TESS)"
"Kepler-570 b","Kepler-570",,5496.00,2.45000000,6.57000000,4.30166200300,0.00000310500,2.0699000,0.07605000,2455005.31029200,0.00057200,290.4376111,48.7918597,"Kepler"
"Kepler-893 b","Kepler-893",,5820.00,3.03000000,9.43000000,6.33855761000,0.00001361000,3.2833000,0.07217000,2455187.85110000,0.00159000,284.9630591,43.9130282,"Kepler"
"K2-138 d","K2-138","G8 V",5356.30,2.39000000,7.92000000,5.40479000000,0.00021000000,2.7000000,0.08379800,2457743.15989000,0.00091000,348.9490311,-10.8497391,"K2"
"K2-138 e","K2-138","G8 V",5356.30,3.39000000,12.97000000,8.26146000000,0.00021000000,2.9700000,0.13430000,2457740.64558000,0.00085000,348.9490311,-10.8497391,"K2"
"Kepler-170 b","Kepler-170",,5679.00,3.20000000,82.60000000,7.93059200000,0.00001400000,3.6800000,0.08261000,2455002.51582000,0.00106000,284.5211975,41.6296562,"Kepler"
"Kepler-894 b","Kepler-894",,5603.00,2.78000000,8.15000000,9.80322400000,0.00003027000,4.4934000,0.08134000,2455196.98590000,0.00227000,288.7340513,46.9393630,"Kepler"
"TOI-6080 b","TOI-6080",,5775.46,3.32424168,11.00000000,8.05562348084,0.00014117487,3.5651667,0.09138622,2459735.40554349,0.00686859,266.6044226,38.0787076,"Transiting Exoplanet Survey Satellite (TESS)"
"Kepler-1230 b","Kepler-1230",,5961.00,2.71000000,7.80000000,9.95661537000,0.00004469000,2.8700000,0.05868000,2454969.59034000,0.00463000,283.2645129,41.7114526,"Kepler"
"K2-275 b","K2-275",,4841.00,2.34000000,6.08000000,3.28096260000,0.00000160000,1.9296000,0.09680000,2457142.13395920,0.00033690,132.1698795,20.4550162,"K2"
"Kepler-708 b","Kepler-708",,5692.00,2.93000000,8.91000000,3.16789193800,0.00000384100,2.1875000,0.07812000,2455005.14858600,0.00098100,293.8164588,42.2125159,"Kepler"
"Kepler-178 b","Kepler-178",,5676.00,2.90000000,8.75000000,9.57669400000,0.00002100000,3.3770000,0.07468000,2455009.68127000,0.00124000,287.1010275,46.8964033,"Kepler"
"TOI-1839 b","TOI-1839",,5315.91,2.21895097,5.56000000,1.42378440907,0.00000774471,1.7875652,0.07210459,2458938.48301058,0.00377800,196.8331106,5.8520458,"Transiting Exoplanet Survey Satellite (TESS)"
"Kepler-57 b","Kepler-57",,5187.90,3.13500000,25.06000000,5.72000000000,,1.1816000,0.08654000,2454971.55997100,0.00064100,293.6413146,44.6570692,"Kepler"
"Kepler-461 b","Kepler-461",,5634.00,2.58000000,7.18000000,8.31378305900,0.00000766100,2.9927000,0.08103000,2455008.99157600,0.00075400,292.2490563,46.1647909,"Kepler"
"TOI-2092 b","TOI-2092",,5842.06,2.94892961,9.00000000,4.30325528074,0.00002596426,2.4191037,0.07107657,2459648.65533738,0.00223939,212.5474866,45.5638685,"Transiting Exoplanet Survey Satellite (TESS)"
"K2-250 b","K2-250",,5003.00,2.71257333,7.81000000,4.01392000000,0.00029000000,2.3664000,0.09700000,2457620.25350000,0.00150000,185.0315429,-8.9757427,"K2"
"TOI-3261 b","TOI-3261","K1.5+/-1",5068.00,3.82000000,30.30000000,0.88313310000,0.00000100000,1.6180000,0.20680675,2459112.40036000,0.00063000,47.7285242,-73.5319720,"Transiting Exoplanet Survey Satellite (TESS)"
"HIP 116454 b","HIP 116454","K1",5048.00,2.46900000,9.70000000,9.10041570000,0.00000410000,2.4310000,0.08890000,2458072.29291000,0.00062000,353.9543517,0.4447043,"K2"
"TOI-1246 c","TOI-1246","K V",5213.00,2.45109846,9.10000000,5.90413700000,0.00001400000,2.8928243,0.07739266,2458683.46630000,0.00180000,251.1158702,70.4299917,"Transiting Exoplanet Survey Satellite (TESS)"
"Kepler-736 b","Kepler-736",,5217.00,2.93000000,8.91000000,3.60147201000,0.00000543500,2.5220000,0.07777000,2455004.99099000,0.00118000,285.3913092,46.1809293,"Kepler"
"K2-58 b","K2-58",,5413.00,2.68000000,7.65000000,7.05254000000,0.00032000000,1.8990000,0.10300000,2456986.97630000,0.00150000,333.8218395,-14.0498570,"K2"
"HD 93963 A c","HD 93963 A","G0 V",5908.00,3.11976057,18.40000000,3.64513890000,0.00000440000,2.3643117,0.07800000,2458902.87400000,0.00068000,162.7766969,25.6410650,"Transiting Exoplanet Survey Satellite (TESS)"
"TOI-1798.01","TOI-1798",,5165.00,2.44800000,6.50000000,8.02152233100,0.00002381600,3.1324000,0.08823089,2459688.13590000,0.00210000,211.0939367,46.5192825,"Transiting Exoplanet Survey Satellite (TESS)"
"Kepler-713 b","Kepler-713",,5785.00,2.48000000,6.71000000,7.41114100000,0.00001344000,2.4852000,0.06205000,2455008.34658000,0.00149000,295.6513819,43.0297781,"Kepler"
"TOI-1716.01","TOI-1716",,5879.00,3.14300000,10.00000000,8.08237655400,0.00002770100,3.5635000,0.05590000,2459959.22130000,0.00260000,105.0833291,56.8241941,"Transiting Exoplanet Survey Satellite (TESS)"
"TOI-1768.01","TOI-1768",,5994.00,3.45300000,11.80000000,7.33770364900,0.00002140400,4.5639000,0.07950000,2459627.02240000,0.00160000,152.1027826,55.5399599,"Transiting Exoplanet Survey Satellite (TESS)"
"Kepler-203 b","Kepler-203",,5821.00,2.57000000,7.13000000,3.16269700000,0.00000400000,1.9000000,0.05261000,2455002.64158000,0.00073000,297.0899590,41.3880686,"Kepler"
"TOI-1772.01","TOI-1772",,5583.00,2.90500000,8.78000000,8.05424687400,0.00003959500,3.4202000,0.07068165,2459628.85070000,0.00280000,156.8377040,34.3909497,"Transiting Exoplanet Survey Satellite (TESS)"
"Kepler-242 b","Kepler-242",,5020.00,2.61000000,7.32000000,8.20395000000,0.00002000000,2.7400000,0.10783000,2455002.69117000,0.00139000,286.5656932,41.8084168,"Kepler"
"TOI-1453 c","TOI-1453",,4975.00,2.22400000,2.95000000,6.58869820000,0.00000410000,1.8740000,0.08520000,2459395.38133000,0.00039000,258.2232705,57.1977779,"Transiting Exoplanet Survey Satellite (TESS)"
"Kepler-1781 b","Kepler-1781",,5568.00,2.38091029,6.26000000,4.88752985000,,1.9913000,0.07290000,2454965.70708000,0.00188000,291.7114906,42.3415097,"Kepler"
"TOI-4504 b","TOI-4504","K1 V",5315.00,2.69100000,7.71000000,2.42614000000,0.00014000000,2.1344641,0.07180000,2459038.45800000,0.02200000,114.4673065,-62.0782776,"Transiting Exoplanet Survey Satellite (TESS)"
"Kepler-547 b","Kepler-547",,4828.00,4.00000000,15.10000000,6.01038428900,0.00000156800,2.2243000,0.27389000,2455007.08477100,0.00020700,286.1185888,44.3452063,"Kepler"
"Kepler-518 b","Kepler-518",,5842.00,2.11000000,5.10000000,8.51203587700,0.00000449800,2.1916000,0.05738000,2455007.90979900,0.00042400,287.0900190,41.3737576,"Kepler"
"TOI-3493 b","TOI-3493","G1/2 V",5844.00,3.22000000,8.97000000,8.15946670000,0.00000160000,4.3972747,0.07571865,2459313.04674550,0.00124770,205.7990331,-22.5854441,"Transiting Exoplanet Survey Satellite (TESS)"
"Kepler-1793 b","Kepler-1793",,5191.00,3.79037518,13.80000000,8.77999973300,,3.2201000,0.07557000,2454971.48383000,0.00315000,291.9129477,40.9539265,"Kepler"
"Kepler-671 b","Kepler-671",,5624.00,2.69000000,7.70000000,4.28095858800,0.00000648400,2.8753000,0.07508000,2455004.89742000,0.00121000,294.2657519,49.3140933,"Kepler"
"TOI-942 b","TOI-942","K2.5 V",4969.00,3.89000000,16.00000000,4.32421000000,0.00001900000,3.4032000,0.14800000,2458441.57900000,0.00210000,76.6496172,-20.2456126,"Transiting Exoplanet Survey Satellite (TESS)"
"Kepler-156 b","Kepler-156",,5094.00,2.30000000,5.90000000,4.97345600000,0.00000800000,1.5790000,0.07416000,2455003.88529000,0.00089000,290.2964214,37.7494271,"Kepler"
"TOI-5800 b","TOI-5800","K3 V",4850.00,2.46000000,9.50000000,2.62788380000,0.00000370000,1.2000000,0.07312083,2459771.71450000,0.00130000,305.0655462,-7.4119237,"Transiting Exoplanet Survey Satellite (TESS)"
"HD 97658 b","HD 97658","K1 V",5212.00,2.12000000,8.30000000,9.48971160000,0.00000080000,2.8488000,0.07120000,2458904.93660000,0.00080000,168.6376584,25.7105962,"W. M. Keck Observatory"
"TOI-1346 b","TOI-1346",,5099.00,2.39000000,6.30000000,1.76225380000,0.00000470000,0.8779711,0.07335551,2459978.02390000,0.00220000,256.6226752,68.8433031,"Transiting Exoplanet Survey Satellite (TESS)"
"TOI-4155 b","TOI-4155",,5724.00,3.21000000,10.40000000,3.32072900000,0.00005800000,2.4870000,0.09400000,2459803.93840000,0.00220000,325.6362269,77.7343836,"Transiting Exoplanet Survey Satellite (TESS)"
"Kepler-971 b","Kepler-971",,5431.00,2.13000000,5.18000000,9.59070716000,0.00002320000,3.4847000,0.05548000,2454965.68117000,0.00202000,284.0945699,41.1828131,"Kepler"
"Kepler-112 b","Kepler-112",,5544.00,2.36000000,6.17000000,8.40887800000,0.00001000000,3.4850000,0.07989000,2454967.00620000,0.00069000,296.9811361,43.2097025,"Kepler"
"TOI-1438 b","TOI-1438","K0 V",5230.00,3.04000000,9.40000000,5.13967000000,0.00000300000,1.0400000,0.07695997,2458683.62560000,0.00070000,280.9237844,74.9378327,"Transiting Exoplanet Survey Satellite (TESS)"
"TOI-4010 b","TOI-4010","K V",4960.00,3.02000000,11.00000000,1.34833500000,0.00000300000,1.7700000,0.12063536,2459007.54900000,0.00100000,20.2148196,66.0722009,"Transiting Exoplanet Survey Satellite (TESS)"
"Kepler-1724 b","Kepler-1724",,6092.00,2.83677238,8.43000000,6.45442009000,,2.6772000,0.05861000,2455006.21478000,0.00146000,296.1207272,47.9214736,"Kepler"
"K2-73 b","K2-73",,5867.00,2.58000000,9.20000000,7.49556000000,0.00029000000,3.5904000,0.05800000,2456987.67260000,0.00120000,335.0256620,-9.0560881,"K2"
"Kepler-1530 d","Kepler-1530",,5678.00,3.27870115,10.80000000,9.20761013000,,2.8892000,0.12431000,2454968.80100000,0.03170000,288.1624396,48.1651530,"Kepler"
"HD 63433 b","HD 63433","G5 V",5553.00,2.14000000,21.75500000,7.10794750000,0.00000890000,3.2441716,0.05016058,2458845.37281800,0.00082290,117.4793699,27.3631342,"Transiting Exoplanet Survey Satellite (TESS)"
"Kepler-608 b","Kepler-608",,5820.00,3.64000000,12.90000000,6.41251503700,0.00000541600,5.3087000,0.11564000,2455002.87959000,0.00067000,293.8829010,44.6380717,"Kepler"
"Kepler-900 b","Kepler-900",,4836.00,2.08000000,4.98000000,6.99130860000,0.00001434000,2.2124000,0.05554000,2454968.46263000,0.00151000,296.1772720,46.9989635,"Kepler"
"Kepler-1946 b","Kepler-1946",,5505.00,2.48812698,6.75000000,3.03519010500,,0.6182000,0.06969000,2454965.32910000,0.00134000,282.3355387,42.8453417,"Kepler"
"Kepler-783 c","Kepler-783",,5411.49,2.33153725,6.04000000,7.05395000000,,1.7244000,0.05211000,2454969.35725300,0.00087400,291.0628615,47.4847890,"Kepler"
"Kepler-860 b","Kepler-860",,5836.00,3.24000000,10.60000000,5.10137945400,0.00000894500,2.5932000,0.08946000,2455190.48250000,0.00120000,295.5772681,46.2547028,"Kepler"
"Kepler-750 b","Kepler-750",,6160.00,3.07000000,9.64000000,9.42887179000,0.00002438000,4.4123000,0.05654000,2454973.10594000,0.00196000,289.0968274,44.0043640,"Kepler"
"Kepler-229 b","Kepler-229",,5120.00,2.20000000,5.48000000,6.25297200000,0.00002100000,2.6400000,0.10369000,2455004.29884000,0.00180000,286.9994758,48.3757867,"Kepler"
"Kepler-760 b","Kepler-760",,5322.00,3.06000000,9.59000000,8.70419416000,0.00001277000,2.9741000,0.10749000,2455190.56008000,0.00101000,287.5931997,44.1794278,"Kepler"
"Kepler-474 b","Kepler-474",,5785.00,3.06000000,9.59000000,5.66067293500,0.00000373300,4.6722000,0.07378000,2454970.41550100,0.00053700,292.3215174,43.8811723,"Kepler"
"Kepler-500 b","Kepler-500",,5813.00,2.58000000,7.18000000,8.50832439800,0.00000910900,3.5033000,0.06521000,2454967.78661400,0.00090800,295.9513472,43.8519884,"Kepler"
"Kepler-499 b","Kepler-499",,5312.00,2.17000000,5.35000000,5.63252845300,0.00000575300,2.1530000,0.06539000,2454966.81794200,0.00082700,295.1099549,43.9151012,"Kepler"
"Kepler-845 b","Kepler-845",,4913.00,2.04000000,4.82000000,0.92785982100,0.00000054900,1.4398000,0.05153000,2454966.90603700,0.00052000,290.9576363,49.2037262,"Kepler"
"Kepler-843 b","Kepler-843",,5830.00,2.59000000,7.22000000,2.05387982100,0.00000290400,2.1809000,0.05467000,2454966.73495000,0.00114000,296.3219786,48.9714373,"Kepler"
"TOI-5082.01","TOI-5082",,5670.00,2.54811000,7.03000000,4.24012200000,,2.3880000,0.08420000,2460284.80264300,0.00087110,106.5695780,22.6831477,"Transiting Exoplanet Survey Satellite (TESS)"
"Kepler-832 b","Kepler-832",,5596.00,2.06000000,4.90000000,7.13969410000,0.00002817000,3.9290000,0.05129000,2454970.18577000,0.00331000,295.9261101,45.3838690,"Kepler"
"Kepler-958 b","Kepler-958",,5421.00,2.06000000,4.90000000,9.76788050000,0.00001110000,1.9474000,0.06003000,2454972.43782100,0.00095400,287.2566578,46.0667247,"Kepler"
"Kepler-861 b","Kepler-861",,5047.00,2.28000000,5.82000000,3.94963137500,0.00000549000,1.5788000,0.08072000,2454967.60939000,0.00114000,292.3539624,46.2262465,"Kepler"
"Kepler-862 b","Kepler-862",,5333.00,2.21000000,5.52000000,3.14866453400,0.00000703100,2.1794000,0.05505000,2455189.93547000,0.00149000,297.7792466,46.4926688,"Kepler"
"Kepler-979 b","Kepler-979",,5310.00,2.72000000,7.85000000,8.08801350000,0.00001135000,1.7768000,0.09529000,2454971.73615000,0.00111000,300.3712023,46.4081872,"Kepler"
"Kepler-920 b","Kepler-920",,5403.00,2.42000000,6.44000000,6.53192704000,0.00002296000,3.1164000,0.07719000,2454969.03388000,0.00320000,284.2969363,49.1585983,"Kepler"
"Kepler-1033 b","Kepler-1033",,5547.00,2.51000000,6.85000000,7.56052806000,0.00002405000,3.8262000,0.06598000,2454967.47890000,0.00259000,283.8450963,44.6090251,"Kepler"
"Kepler-1071 b","Kepler-1071",,5215.00,2.38000000,6.26000000,6.17998440000,0.00001367000,2.1059000,0.08112000,2454965.72243000,0.00173000,293.0579794,45.2487472,"Kepler"
"Kepler-1065 b","Kepler-1065",,5635.00,3.73000000,13.40000000,3.60930890700,0.00000510200,1.7448000,0.15834000,2454966.79148000,0.00127000,294.5113190,38.7904648,"Kepler"
"Kepler-1073 b","Kepler-1073",,5792.00,2.30000000,5.90000000,8.67888593000,0.00002409000,3.4818000,0.05406000,2454966.03761000,0.00223000,294.1527259,38.2330886,"Kepler"
"Kepler-684 b","Kepler-684",,5493.00,3.36000000,11.20000000,6.77030200800,0.00000886000,1.9398000,0.13040000,2455003.57697000,0.00103000,290.8704935,38.2735978,"Kepler"
"Kepler-536 b","Kepler-536",,5524.00,3.10000000,9.80000000,1.82708229900,0.00000044400,1.9566600,0.11647000,2455003.52576400,0.00019300,297.7363605,49.6371010,"Kepler"
"Kepler-704 b","Kepler-704",,5616.00,2.61000000,7.32000000,3.76182115000,0.00001161000,3.3906000,0.05106000,2455004.90371000,0.00206000,283.3163671,41.8370942,"Kepler"
"Kepler-1529 b","Kepler-1529",,5048.00,2.10000000,5.06000000,5.33905686000,0.00001277000,1.6507000,0.07555000,2454965.14224000,0.00195000,289.8707469,41.0407482,"Kepler"
"Kepler-741 b","Kepler-741",,6129.00,2.97000000,9.11000000,7.03902374000,0.00001488000,3.8898000,0.05298000,2455008.73021000,0.00168000,289.4317294,46.6174978,"Kepler"
"Kepler-565 b","Kepler-565",,5735.00,3.64000000,12.90000000,4.24374722600,0.00000293100,3.3680000,0.14782000,2455006.56326100,0.00055600,283.6180825,47.1967793,"Kepler"
"Kepler-675 b","Kepler-675",,4945.00,2.44000000,6.53000000,2.33743801000,0.00000207100,2.0140000,0.09712000,2455004.76182400,0.00068700,293.8334488,50.2303479,"Kepler"
"Kepler-623 b","Kepler-623",,5443.00,3.01000000,9.32000000,9.07097734000,0.00001283000,2.7085000,0.10262000,2455011.34331000,0.00108000,296.9867284,47.4773531,"Kepler"
"Kepler-727 b","Kepler-727",,5441.00,2.53000000,6.94000000,5.15448441700,0.00000858300,2.8866000,0.07459000,2455004.63928000,0.00133000,294.8469333,45.0344155,"Kepler"
"Kepler-588 b","Kepler-588",,5835.00,2.63000000,7.41000000,4.22162535700,0.00000474800,2.8959000,0.06580000,2455006.69987500,0.00090200,284.2572531,47.6889081,"Kepler"
"Kepler-496 b","Kepler-496",,5293.00,2.32000000,5.99000000,8.30864937000,0.00001090000,3.2210000,0.08361000,2454971.10889000,0.00106000,291.6408978,41.2411044,"Kepler"
"Kepler-728 b","Kepler-728",,5660.00,3.34000000,11.10000000,5.74347726500,0.00000717300,3.4527000,0.12402000,2455007.89832000,0.00100000,291.0923621,45.1155087,"Kepler"
"Kepler-574 b","Kepler-574",,5612.00,2.39000000,6.30000000,7.65880414000,0.00001346000,3.0576000,0.06682000,2455006.03902000,0.00140000,290.2470519,52.1491051,"Kepler"
"Kepler-585 b","Kepler-585",,5593.00,2.83000000,8.40000000,2.75235975300,0.00000142400,2.1154000,0.08194000,2455004.25974900,0.00040800,286.5284924,43.8733751,"Kepler"
"Kepler-729 b","Kepler-729",,5633.00,3.58000000,12.50000000,3.16635371400,0.00000242000,3.3039000,0.14734000,2455003.96587300,0.00060200,286.3600604,45.4142664,"Kepler"
"Kepler-586 b","Kepler-586",,5575.00,2.79000000,8.20000000,2.10472218400,0.00000091700,1.7575000,0.09055000,2455004.04393900,0.00034500,293.0571982,45.5511266,"Kepler"
"Kepler-612 b","Kepler-612",,5693.00,2.84000000,8.45000000,3.72215641300,0.00000376300,1.9911000,0.07574000,2455004.56028600,0.00082600,291.3546278,45.7478551,"Kepler"
"Kepler-552 b","Kepler-552",,5863.00,3.95000000,14.80000000,5.26341576500,0.00000289600,2.1778000,0.10668000,2455007.35078800,0.00043300,290.7476903,48.2419838,"Kepler"
"Kepler-721 b","Kepler-721",,5075.00,2.64000000,7.46000000,5.39202538800,0.00000676800,2.9810000,0.11514000,2455004.72742100,0.00097900,284.4305132,44.4803776,"Kepler"
"Kepler-722 b","Kepler-722",,5863.00,2.63000000,7.41000000,4.09357325200,0.00000809900,2.2856000,0.05386000,2455004.00987000,0.00159000,290.2632874,44.5564051,"Kepler"
"Kepler-1642 c","Kepler-1642",,5355.00,2.66000000,7.56000000,6.65138020000,0.00032270000,2.1356000,0.10756000,2454968.27620000,0.06710000,297.2121215,43.6437890,"Kepler"
"Kepler-652 b","Kepler-652",,5490.00,2.49000000,6.76000000,4.18200253100,0.00000171600,2.2165000,0.08616000,2455005.78950900,0.00032000,288.0080899,46.4736108,"Kepler"
"Kepler-609 b","Kepler-609",,5971.00,3.35000000,11.20000000,6.52121066600,0.00000864100,2.8091000,0.07604000,2455008.71083000,0.00109000,292.2203009,44.6999902,"Kepler"
"Kepler-724 b","Kepler-724",,5437.00,3.29000000,10.80000000,3.31494633800,0.00000171500,1.7069000,0.13982000,2455004.31337300,0.00041100,293.4548441,44.7927823,"Kepler"
"TOI-1753 b","TOI-1753",,5621.00,2.47852533,16.60000000,5.38461040000,0.00000990000,3.1784345,0.06306901,2458684.50300000,0.00200000,252.4698351,61.1735768,"Transiting Exoplanet Survey Satellite (TESS)"
"HD 6061 b","HD 6061",,5934.00,2.42763557,10.00000000,5.25490000000,0.00110000000,3.2395980,0.05670000,2458769.78630000,0.00270000,15.5981441,37.1854394,"Transiting Exoplanet Survey Satellite (TESS)"
"TOI-2518 b","TOI-2518",,5751.20,2.26838675,5.77000000,6.89797425216,0.00006423965,3.6388174,0.05500000,2459231.04512184,0.00476044,105.4448495,-34.9196867,"Transiting Exoplanet Survey Satellite (TESS)"
"TOI-1279 b","TOI-1279",,5457.00,2.66146528,10.60000000,9.61419000000,0.00004000000,2.7649671,0.09336533,2458717.48140000,0.00220000,185.0628734,56.2014094,"Transiting Exoplanet Survey Satellite (TESS)"
"K2-64 b","K2-64",,5312.00,2.07000000,4.94000000,6.53044000000,0.00067000000,3.0600000,0.09500000,2456986.19180000,0.00330000,332.4138478,-11.4286687,"K2"
"K2-84 b","K2-84",,5652.00,2.41000000,6.39000000,6.42150000000,0.00056000000,2.8100000,0.08140000,2457071.42120000,0.00270000,55.8093566,16.6344396,"K2"
"K2-202 b","K2-202",,5491.00,2.30165603,5.91000000,3.40516400000,0.00012600000,2.0328000,0.05790000,2457304.25153000,0.00161100,283.2643203,-22.4070553,"K2"
"K2-218 b","K2-218",,5757.00,2.56948149,7.13000000,8.67988500000,0.00041700000,3.8400000,0.05980000,2457396.45914000,0.00194100,12.8096130,6.8464327,"K2"
"K2-77 b","K2-77",,5160.00,2.49960270,603.87700000,8.20008440000,0.00000860000,2.5440000,0.08310000,2457316.80766000,0.00099000,55.2285210,12.5724480,"K2"
"K2-180 b","K2-180","K2 V",5365.00,2.46597575,11.41003981,8.86566300000,0.00001100000,2.8488000,0.09870000,2457489.15660000,0.00078000,126.4643579,10.2465770,"K2"
"K2-182 b","K2-182",,5128.00,2.71257333,20.97667486,4.73696960000,0.00000170000,2.5663200,0.09880000,2457652.79755000,0.00027000,130.1800460,10.9829509,"K2"
"K2-179 b","K2-179",,5015.00,2.51267885,6.86000000,5.17219100000,0.00020100000,1.7664000,0.09640000,2457066.58030000,0.00137300,58.7967878,23.7567524,"K2"
"K2-246 b","K2-246",,5610.00,3.49000000,12.00000000,5.76918000000,0.00081000000,3.4000000,0.13400000,2457583.67610000,0.00640000,181.6296115,-1.1606000,"K2"
"K2-248 b","K2-248",,5528.00,2.57000000,7.13000000,7.17256000000,0.00148000000,2.8000000,0.07000000,2457588.10420000,0.00720000,182.8173343,-9.4141696,"K2"
"K2-229 c","K2-229","G9",5315.00,2.03000000,7.00000000,8.32727000000,0.00041000000,2.5000000,0.05325000,2457586.34310000,0.00190000,186.8729195,-6.7218474,"K2"
"K2-270 c","K2-270",,4877.00,2.95000000,9.01000000,4.40002800000,0.00016900000,1.5600000,0.16820000,2457142.97510000,0.00166000,131.2665588,13.5497322,"K2"
"K2-283 b","K2-283",,5060.00,3.52000000,12.20000000,1.92103600000,0.00005100000,1.7496000,0.19670000,2457394.90901000,0.00121000,13.1943679,9.6929181,"K2"
"TOI-1794 b","TOI-1794",,5631.00,3.29701268,8.70000000,8.76552800000,0.00003500000,3.9154065,0.05726987,2458715.31200000,0.00200000,203.3974857,49.0608433,"Transiting Exoplanet Survey Satellite (TESS)"
"K2-105 b","K2-105","K1",5373.00,3.40000000,15.40000000,8.26726000000,0.00018000000,3.4300000,0.13380000,2457147.98867000,0.00079000,125.4202985,13.4975122,"K2"
"TOI-1648 b","TOI-1648",,4850.00,2.54000000,7.40000000,7.33160200000,0.00001500000,1.5400000,0.08930000,2459925.34310000,0.00080000,45.4011794,69.2299235,"Transiting Exoplanet Survey Satellite (TESS)"
"K2-282 b","K2-282",,5499.00,2.50000000,6.80000000,4.16978300000,0.00008900000,2.7312000,0.09350000,2457457.54493000,0.00250000,13.4321524,7.9952914,"K2"
"Kepler-1792 b","Kepler-1792",,5229.00,2.51990972,6.89000000,4.19577980000,,2.1421000,0.09487000,2454968.17539000,0.00171000,294.8400788,39.0859757,"Kepler"
"Kepler-1872 b","Kepler-1872",,5223.00,2.38421141,6.28000000,3.82591009100,,1.8057000,0.09344000,2454965.19852000,0.00248000,281.0491988,43.3225996,"Kepler"
"Kepler-1782 b","Kepler-1782",,4931.00,2.22927435,5.60000000,5.75622987700,,1.0710000,0.06307000,2454966.90369600,0.00079200,280.9261620,44.0878036,"Kepler"
"Kepler-1739 b","Kepler-1739",,5757.00,2.43056832,6.48000000,7.34370994600,,1.1449000,0.05744000,2454970.30053000,0.00120000,296.2320536,47.6788626,"Kepler"
"Kepler-1748 b","Kepler-1748",,5774.00,2.71275017,7.81000000,5.82352018400,,2.2441000,0.08887000,2455187.99602000,0.00160000,285.9678970,45.7390789,"Kepler"
"TOI-2196 b","TOI-2196","G V",5634.00,3.51000000,26.00000000,1.19472680000,0.00000790000,1.5040000,0.11272345,2459036.51260000,0.00190000,312.3400744,-70.4850723,"Transiting Exoplanet Survey Satellite (TESS)"
"Kepler-1937 b","Kepler-1937",,6457.00,3.02291330,9.39000000,9.68859958600,,2.0000000,0.06661000,2454964.83350000,0.04510000,290.6583922,40.7785383,"Kepler"
"Kepler-1722 b","Kepler-1722",,5506.00,2.86719266,8.58000000,9.17856979400,,2.1421000,0.07965000,2455006.08806000,0.00118000,296.6627402,41.2611985,"Kepler"
"Kepler-1944 b","Kepler-1944",,5585.00,2.75971163,8.05000000,9.84257984200,,1.5672000,0.06264000,2454967.02155000,0.00310000,296.5105045,39.1732645,"Kepler"
"Kepler-1721 b","Kepler-1721",,5351.00,3.11856756,9.90000000,4.59238004700,,2.2748000,0.10277000,2455005.00472300,0.00052300,283.5441984,45.2256548,"Kepler"
"Kepler-1728 b","Kepler-1728",,5170.00,2.95501875,9.04000000,4.78299999200,,2.3788000,0.10087000,2455003.50835200,0.00091100,287.0940046,39.0607801,"Kepler"
"TOI-1438 c","TOI-1438","K0 V",5230.00,2.75000000,10.60000000,9.42808900000,0.00000100000,1.6700000,0.07990000,2458689.91360000,0.00140000,280.9237844,74.9378327,"Transiting Exoplanet Survey Satellite (TESS)"
"WASP-47 d","WASP-47","G9",5565.00,3.65000000,15.50000000,9.03050100000,0.00001300000,4.2880000,0.10700000,2457024.43010700,0.00000030,331.2030920,-12.0190670,"K2"
"Kepler-257 b","Kepler-257",,5180.00,2.61000000,7.32000000,2.38266700000,0.00000600000,1.8120000,0.07943000,2455003.66330000,0.00125000,297.3159994,46.0232642,"Kepler"
"TOI-5398 c","TOI-5398","G V",6000.00,3.52000000,11.80000000,4.77271000000,0.00016000000,3.1270000,0.09200000,2459628.61781000,0.00090000,161.8795569,36.3294345,"Transiting Exoplanet Survey Satellite (TESS)"
"TOI-132 b","TOI-132","G8 V",5397.00,3.42000000,22.40000000,2.10970190000,0.00001200000,2.1344043,0.13097297,2458333.23095000,0.00094000,338.3996623,-43.4368720,"Transiting Exoplanet Survey Satellite (TESS)"
"TOI-5624 b","TOI-5624",,5327.00,2.31400000,9.40000000,3.39034730000,0.00000540000,2.3920000,0.06670000,2459649.12840000,0.00120000,180.8443476,49.2512257,"Transiting Exoplanet Survey Satellite (TESS)"
"Kepler-105 b","Kepler-105",,5933.00,2.53000000,10.80000000,5.41220340000,0.00000040000,2.9472000,0.05981000,2454955.31860000,0.00020000,287.8872376,46.2761224,"Kepler"
"K2-37 c","K2-37","G3 V",5352.00,2.41000000,6.39000000,6.42966000000,0.00018000000,2.9016000,0.10270000,2456898.85480000,0.00120000,243.4509662,-24.7870527,"K2"
"HD 207496 b","HD 207496","K2.5 V",4819.00,2.25000000,6.10000000,6.44100800000,0.00001100000,1.7620000,0.09140000,2458658.78978000,0.00050000,328.7181708,-77.3388025,"Transiting Exoplanet Survey Satellite (TESS)"
"Kepler-228 c","Kepler-228",,6043.00,2.70000000,7.75000000,4.13444400000,0.00001800000,3.1230000,0.06860000,2455005.97678000,0.00230000,296.2860853,48.2246328,"Kepler"
"K2-370 b","K2-370","G5 V",5662.00,2.67000000,11.10000000,2.14080930000,0.00000120000,1.6800000,0.06280000,2457860.71859000,0.00042000,67.8205302,19.8316901,"K2"
"Kepler-1738 b","Kepler-1738",,6063.00,2.82472883,8.37000000,7.67463016500,,1.9374000,0.05030000,2454966.22431000,0.00265000,296.1313474,47.4388098,"Kepler"
"Kepler-766 b","Kepler-766",,5992.00,3.39000000,11.40000000,6.10027804000,0.00001640000,4.7487000,0.07666000,2454968.58673000,0.00248000,293.1845144,37.9698357,"Kepler"
"K2-215 b","K2-215",,5704.00,2.12381238,5.16000000,8.26964800000,0.00046700000,2.2320000,0.05430000,2457394.33225000,0.00231600,18.4700795,6.1238647,"K2"
"K2-204 b","K2-204",,5783.00,3.17214154,10.20000000,7.05590800000,0.00005800000,4.5696000,0.05380000,2457452.95500000,0.00220000,17.3825067,-0.5177539,"K2"
"HD 110113 b","HD 110113","G",5732.00,2.05000000,4.55000000,2.54100000000,0.00050000000,2.3760000,0.05720000,2458570.10100000,0.00400000,190.0365636,-44.3120777,"Transiting Exoplanet Survey Satellite (TESS)"
"Kepler-463 b","Kepler-463",,5661.00,3.05000000,9.53000000,8.98101683300,0.00000316200,1.8737000,0.10593000,2454969.64926300,0.00029200,298.9368228,44.8578644,"Kepler"
"Kepler-1643 b","Kepler-1643",,4916.00,2.32000000,5.99000000,5.34265700000,0.00001010000,2.4100000,0.06887000,2454967.38200000,0.00110000,300.4310076,44.7510129,"Kepler"
"Kepler-161 c","Kepler-161",,5078.00,2.05000000,3.61000000,7.06424000000,0.00001100000,1.3510000,0.07330000,2454968.37914000,0.00092000,290.5164698,43.0838642,"Kepler"
"Kepler-1312 b","Kepler-1312",,5719.00,2.10000000,5.06000000,5.44832528600,0.00000734600,2.2251000,0.05294000,2454965.49031000,0.00107000,292.9712801,41.0357494,"Kepler"
"Kepler-1829 b","Kepler-1829",,5230.00,2.47887001,6.71000000,5.18671989400,,0.8023000,0.07127000,2454967.99509000,0.00120000,288.6644840,51.4983798,"Kepler"
"Kepler-325 b","Kepler-325",,5752.00,2.91000000,8.80000000,4.54443900000,0.00000800000,1.7560000,0.09072000,2454967.90010000,0.00104000,289.8354219,49.8256070,"Kepler"
"Kepler-240 c","Kepler-240",,4985.00,2.20000000,102.30000000,7.95352800000,0.00002500000,2.5980000,0.09616000,2455007.66155000,0.00184000,291.1587635,40.7502108,"Kepler"
"TOI-4640 b","TOI-4640",,5743.01,2.84326517,8.46000000,2.68566015238,0.00035242790,2.2493108,0.06328098,2459474.61326241,0.00250231,38.2053190,10.0724659,"Transiting Exoplanet Survey Satellite (TESS)"
"Kepler-150 c","Kepler-150",,5560.00,3.69000000,13.20000000,7.38199800000,0.00001000000,3.1240000,0.15118000,2455006.07123000,0.00070000,288.2341025,40.5208970,"Kepler"
"Kepler-27 d","Kepler-27",,5251.00,2.70619460,7.78000000,6.54628992100,,2.9930000,0.08030000,2454966.85871000,0.00238000,292.2367608,41.0858710,"Kepler"
"Kepler-305 c","Kepler-305",,5080.00,3.30000000,6.00000000,8.29100000000,,3.6130000,0.10339000,2455192.63489000,0.00274348,299.2242557,40.3431670,"Kepler"
"Kepler-294 c","Kepler-294",,5913.00,2.71000000,7.80000000,6.62640000000,0.00002800000,3.1750000,0.08146000,2455016.98818000,0.00227000,287.3920392,46.0592578,"Kepler"
"Kepler-575 b","Kepler-575",,5710.00,2.39000000,6.30000000,9.37891944000,0.00002371000,3.3044000,0.05635000,2455009.45190000,0.00207000,286.9638856,37.8296147,"Kepler"
"Kepler-171 b","Kepler-171",,5642.00,2.34000000,6.08000000,4.16697200000,0.00000700000,2.7410000,0.08799000,2455002.71415000,0.00098000,296.7719082,41.7555958,"Kepler"
"TOI-1873 b","TOI-1873",,5597.99,2.86356397,8.57000000,7.00572708834,0.00003371812,3.1364584,0.07668945,2458834.10049441,0.00257432,212.5684755,84.3718582,"Transiting Exoplanet Survey Satellite (TESS)"
"K2-189 c","K2-189",,5442.00,2.31000000,5.95000000,6.67932000000,0.00021000000,2.7096000,0.07840000,2457223.41820000,0.00130000,203.6214411,-15.0365158,"K2"
"Kepler-244 b","Kepler-244",,5554.00,2.76000000,8.05000000,4.31179200000,0.00000800000,2.7350000,0.11540000,2455006.57568000,0.00100000,287.2426410,42.3014185,"Kepler"
"TOI-908 b","TOI-908","G V",5626.00,3.18600000,16.13700000,3.18379200000,0.00000700000,2.4570000,0.08502084,2459384.29200000,0.00200000,53.1594266,-81.2507450,"Transiting Exoplanet Survey Satellite (TESS)"
"K2-197 b","K2-197",,5667.00,2.56000000,7.08000000,8.35788100000,0.00071000000,3.4704000,0.05500000,2457218.18248000,0.00364000,202.3934779,-7.3739779,"K2"
"K2-198 d","K2-198",,5212.90,2.43800000,6.52000000,7.45001770000,0.00000520000,3.0024000,0.10820000,2457213.57590000,0.00100000,198.8436817,-6.4649888,"K2"
"Kepler-121 b","Kepler-121",,5311.00,2.34000000,6.08000000,3.17742200000,0.00000300000,1.4750000,0.11343000,2454967.47787000,0.00047000,286.1621273,39.6780204,"Kepler"
"Kepler-561 c","Kepler-561",,5646.00,2.68000000,7.65000000,5.35016198300,0.00000443500,2.2430000,0.07648000,2455028.76048200,0.00063900,293.7471107,45.1071981,"Kepler"
"Kepler-172 c","Kepler-172",,5526.00,2.86000000,8.55000000,6.38899600000,0.00002000000,3.3890000,0.05433000,2455008.47434000,0.00188000,283.3684093,41.8218390,"Kepler"
"Kepler-250 c","Kepler-250",,5160.00,2.28000000,5.82000000,7.15680400000,0.00002200000,2.5670000,0.08670000,2455007.13628000,0.00167000,289.5947633,44.1418114,"Kepler"
"Kepler-191 d","Kepler-191",,5215.00,2.28000000,5.82000000,5.94504101700,0.00000763000,2.5711000,0.08002000,2455003.47298000,0.00105000,291.1833211,45.3230937,"Kepler"
"Kepler-259 b","Kepler-259",,5938.00,2.80000000,8.25000000,8.11531700000,0.00002200000,2.9540000,0.08349000,2455007.51955000,0.00159000,288.2119707,46.6150461,"Kepler"
"Kepler-616 b","Kepler-616",,5753.00,2.43000000,6.48000000,9.99761851000,0.00002138000,3.2429000,0.06436000,2455004.78774000,0.00173000,294.9891370,46.8383058,"Kepler"
"Kepler-222 b","Kepler-222",,5433.00,3.16000000,10.10000000,3.93698100000,0.00000500000,1.8280000,0.13982000,2455002.65076000,0.00063000,287.9060885,46.9377479,"Kepler"
"Kepler-165 b","Kepler-165",,5211.00,2.32000000,5.99000000,8.18084800000,0.00002600000,2.8690000,0.07235000,2455009.70113000,0.00176000,280.6909200,47.8096702,"Kepler"
"Kepler-663 b","Kepler-663",,5264.00,2.60000000,7.27000000,4.99678284000,0.00001448000,2.0900000,0.09347000,2455004.74158000,0.00223000,297.8082232,47.9466342,"Kepler"
"Kepler-227 b","Kepler-227",,5854.00,3.11000000,9.85000000,9.48801500000,0.00003900000,3.1130000,0.06158000,2455003.53899000,0.00240000,291.9342748,48.1416760,"Kepler"
"K2-351 b","K2-351",,5769.00,2.54000000,6.99000000,7.80616400000,0.00067300000,2.7800000,0.06810000,2457223.49519100,0.00261400,206.6522408,-11.8049588,"K2"
"K2-187 d","K2-187",,5438.00,2.40000000,6.35000000,7.14958400000,0.00012000000,2.8392000,0.12240000,2457203.52085000,0.00190000,132.5235618,23.1924709,"K2"
"Kepler-82 e","Kepler-82",,5428.00,2.47000000,254.02000000,5.90220600000,0.00001200000,2.8270000,0.07023000,2454969.78443000,0.00115000,292.8733696,42.9661583,"Kepler"
"TOI-4156 b","TOI-4156",,5971.64,2.53823825,6.98000000,4.46189034133,0.00002552745,3.1219890,0.05000000,2458893.15047155,0.00301032,230.7808336,76.3318816,"Transiting Exoplanet Survey Satellite (TESS)"
"TOI-5515 b","TOI-5515",,5483.65,2.65362762,7.53000000,8.59225810839,0.00077050733,3.3731655,0.08855569,2459543.03769594,0.00261646,139.6163639,16.9899558,"Transiting Exoplanet Survey Satellite (TESS)"
"TOI-209 b","TOI-209",,4806.66,2.39472090,6.32000000,4.37943587445,0.00001723172,1.6504345,0.09696958,2459070.38747492,0.00164275,19.3941777,-66.9030660,"Transiting Exoplanet Survey Satellite (TESS)"
"TOI-125 c","TOI-125","K0 V",5320.00,2.75900000,6.63000000,9.15059000000,0.00070000000,2.9544000,0.08910000,2458361.90850000,0.00130000,23.5934253,-66.6763495,"Transiting Exoplanet Survey Satellite (TESS)"
"TOI-5630 b","TOI-5630",,5385.64,2.37117553,6.22000000,3.22118452536,0.00002398913,3.4226387,0.05360000,2459678.01545720,0.00230233,236.4538532,40.3748618,"Transiting Exoplanet Survey Satellite (TESS)"
"TOI-6954 b","TOI-6954",,5170.87,3.63524486,12.80000000,4.02074127419,0.00001460861,1.9852161,0.15560000,2459539.99302642,0.00142012,168.3240591,-2.7877643,"Transiting Exoplanet Survey Satellite (TESS)"
