System,Teff,err,err.1,[Fe/H],erru,errd,M_A,errup,errdn,R_A,errup.1,errdn.1,loggA,errup.2,errdn.2,rho_A,errup.3,errdn.3,Period,e,errup.4,errdown,a(AU),errup.5,errdown.1,M_b,errup.6,errdn.4,R_b,errup.7,errdn.5,g_b,errup.8,errdn.6,rho_b,errup.9,errdn.7,Teq,err.2,err.3,Discovery_reference,Recent_reference,Rp_Rs,a_Rs,host_star,has_pdcsap,n_sectors,sector_list,pl_name,hostname,tic_id,pl_orbincl,pl_orbinclerr1,pl_orbinclerr2,pl_ratror,pl_ratrorerr1,pl_ratrorerr2,pl_ratdor,pl_ratdorerr1,pl_ratdorerr2,pl_orbeccen,pl_tranmid,pl_tranmiderr1,pl_tranmiderr2,pl_trandur,pl_trandurerr1,pl_trandurerr2,pl_imppar,pl_impparerr1,pl_impparerr2,pl_trandep,ttv_flag,st_teff,st_logg,st_rad,discoverymethod,nea_match_type
TOI-157,5404,70,67,0.24,0.09,0.09,0.948,0.023,0.018,1.167,0.017,0.014,4.281,0.011,0.011,0.597,0.021,0.021,2.085,0.0,0.21,0.0,0.03138,0.00025,0.00021,1.18,0.13,0.12,1.286,0.023,0.02,17.7,2.0,1.9,0.517,0.06,0.059,1588.0,21.0,20.0,2020A+A...639A..76N,2020A+A...639A..76N,1.1019708654670095,5.782095176238453,TOI-157,True,35,"[9, 11, 12, 13, 27, 28, 29, 30, 31, 32, 33, 34, 35, 36, 37, 38, 39, 61, 62, 63, 64, 65, 66, 67, 68, 69, 87, 88, 89, 90, 93, 94, 95, 96, 98]",TOI-157 b,TOI-157,TIC 140691463,82.01,0.15,-0.16,0.11329,0.00056,-0.00054,5.785,0.066,-0.069,0.0,2458326.54771,0.00022,-0.00021,2.14584,0.0132,-0.01248,0.8045,0.0069,-0.0068,1.283,0.0,5404.0,4.281,1.167,Transit,host_single
TOI-1259,4775,100,100,-0.5,0.5,0.5,0.748,0.048,0.043,0.715,0.015,0.014,4.605,0.013,0.013,2.05,0.02,0.03,3.478,0.0,0.132,0.0,0.0408,0.0009,0.0009,0.415,0.038,0.038,1.035,0.018,0.018,10.5,1.0,0.9,0.347,0.03,0.03,963.0,21.0,21.0,2021MNRAS.507.4132M,arXiv:2507.07737,1.4475524475524475,12.270359138525151,TOI-1259,True,32,"[14, 17, 18, 19, 20, 21, 24, 25, 26, 40, 41, 47, 48, 50, 51, 52, 53, 54, 55, 58, 59, 60, 73, 74, 75, 77, 78, 79, 80, 81, 85, 86]",TOI-1259 A b,TOI-1259 A,TIC 288735205,89.7,0.2,-0.26,0.14762,0.00035,-0.0003,12.314,0.036,-0.056,0.0,2458686.700531,9.7e-05,-0.000104,2.4754,0.0048,-0.0048,0.065,0.055,-0.044,2.6759,0.0,4775.0,4.605,0.711,Transit,host_single
WD_1856+534,4920,50,50,-1.0,-1.0,-1.0,0.605,0.013,0.013,0.0121,0.0002,0.0002,8.02,0.02,0.02,-1.0,-1.0,-1.0,1.408,0.0,0.68,0.0,0.02085,0.0014,0.0014,0.0,5.2,0.0,0.946,0.017,0.017,-1.0,-1.0,-1.0,-1.0,-1.0,-1.0,165.0,9.0,9.0,2020Natur.585..363V,2025ApJ...984L..28L,78.18181818181819,370.5303971142204,WD 1856+534,True,23,"[14, 15, 19, 22, 26, 40, 41, 49, 53, 54, 55, 56, 59, 73, 74, 75, 76, 79, 80, 81, 82, 83, 86]",WD 1856+534 b,WD 1856+534,TIC 267574918,88.778,0.059,-0.059,7.28,0.65,-0.65,336.0,14.0,-14.0,0.0,2458779.3750828,3.4e-06,-3.4e-06,0.1333,0.0004,-0.0004,7.16,0.65,-0.65,56.65,0.0,4710.0,7.915,0.0131,Transit,host_single
KELT-23,5900,49,49,-0.105,0.077,0.077,0.945,0.06,0.054,0.995,0.015,0.015,4.418,0.026,0.025,0.957,0.064,0.059,2.255,0.0,0.067,0.0,0.03303,0.00068,0.00064,0.938,0.045,0.042,1.322,0.025,0.025,13.3,0.82,0.77,0.38,0.029,0.026,1561.0,20.0,20.0,2019AJ....158...78J,2019AJ....158...78J,1.328643216080402,7.138198913120068,KELT-23,True,19,"[14, 15, 16, 17, 21, 23, 41, 47, 48, 49, 50, 54, 57, 74, 75, 76, 77, 81, 84]",KELT-23 A b,KELT-23 A,TIC 458478250,85.37,0.31,-0.3,0.1365,0.001,-0.001,7.13,0.16,-0.15,0.0,2458140.3792,0.0027,-0.0029,2.38104,0.02208,-0.02208,0.576,0.024,-0.027,1.864,0.0,5899.0,4.417,0.996,Transit,host_single
TOI-2010,5929,74,74,0.168,0.055,0.055,1.112,0.048,0.055,1.079,0.027,0.026,4.417,0.021,0.025,0.881,0.062,0.061,141.834,0.212,0.022,0.021,0.5516,0.0078,0.0093,1.286,0.055,0.057,1.054,0.027,0.027,28.6,1.8,1.7,1.03,0.08,0.08,400.0,6.0,6.0,2023AJ....166..239M,2023AJ....166..239M,0.9768303985171456,109.92740241689584,TOI-2010,True,13,"[14, 15, 16, 40, 54, 55, 56, 74, 75, 76, 81, 82, 83]",TOI-2010 b,TOI-2010,TIC 26547036,89.903,0.064,-0.059,0.10035,0.00043,-0.00037,109.8,2.5,-2.6,0.212,2458712.30168,0.00042,-0.00041,8.681,0.029,-0.024,0.147,0.088,-0.097,1.16,0.0,5929.0,4.417,1.079,Transit,host_single
XO-7,6250,100,100,0.432,0.057,0.057,1.405,0.059,0.059,1.48,0.022,0.022,4.246,0.023,0.023,0.407,0.009,0.009,2.864,0.038,0.033,0.033,0.04329,0.00072,0.00072,0.726,0.038,0.038,1.324,0.02,0.02,9.32,0.29,0.29,0.278,0.023,0.021,1612.0,27.0,27.0,2020AJ....159...44C,2024MNRAS.527.3474G,0.8945945945945947,6.289686848856137,XO-7,True,12,"[25, 26, 40, 47, 52, 53, 59, 60, 73, 74, 79, 86]",XO-7 b,XO-7,TIC 268403451,83.45,0.29,-0.29,0.09532,0.00093,-0.00093,6.43,0.14,-0.14,0.038,2457917.47503,0.00045,-0.00045,2.772,0.0336,-0.0336,0.709,0.023,-0.023,0.909,0.0,6250.0,4.246,1.48,Transit,host_single
TOI-2025,5880,53,53,0.18,0.08,0.08,1.32,0.14,0.14,1.56,0.03,0.03,4.17,0.06,0.06,-1.0,-1.0,-1.0,8.872,0.44,0.03,0.02,0.089,0.004,0.004,4.4,0.4,0.4,1.12,0.009,0.009,-1.0,-1.0,-1.0,2.9,0.2,0.2,1186.0,11.0,11.0,2022A+A...667A..22K,2022A+A...667A..22K,0.717948717948718,12.267852937720711,TOI-2025,True,13,"[40, 47, 52, 53, 58, 59, 60, 74, 78, 79, 81, 85, 86]",TOI-2025 b,TOI-2025,TIC 394050135,88.65,0.9,-0.92,0.07469,0.00052,-0.00044,13.12,0.48,-0.48,0.394,2459089.53337,0.00025,-0.00025,3.601,0.024,-0.02,0.19,0.14,-0.13,0.5578,0.0,5977.0,4.187,1.459,Transit,host_single
HAT-P-37,5500,100,100,0.03,0.1,0.1,0.929,0.043,0.043,0.877,0.059,0.077,4.52,0.05,0.05,-1.0,-1.0,-1.0,2.797,0.058,0.038,0.038,0.0379,0.0006,0.0006,1.169,0.103,0.103,1.178,0.077,0.07,21.0,3.0,3.0,0.67,0.14,0.14,1271.0,47.0,47.0,2012AJ....144...19B,2012AJ....144...19B,1.3432155074116303,9.292718243882996,HAT-P-37,True,11,"[26, 40, 41, 53, 54, 55, 59, 74, 75, 80, 82]",HAT-P-37 b,HAT-P-37,TIC 267572272,86.9,0.4,-0.5,0.1378,0.003,-0.003,9.32,0.42,-0.57,0.058,2455642.14318,0.00029,-0.00029,2.3304,0.036,-0.036,0.505,0.041,-0.062,1.899,0.0,5500.0,4.52,0.877,Transit,host_single
Kepler-015,5595,120,120,0.36,0.07,0.07,1.08,0.13,0.13,1.253,0.051,0.051,4.275,0.018,0.018,0.548,0.008,0.008,4.943,0.0,-1.0,-1.0,0.0583,0.0023,0.0023,0.696,0.099,0.099,1.289,0.054,0.054,10.4,1.1,1.1,0.304,0.036,0.036,1251.0,27.0,27.0,2011ApJS..197...13E,2012MNRAS.426.1291S,1.028731045490822,10.005081637596271,Kepler-015,True,11,"[40, 41, 54, 55, 56, 74, 75, 76, 81, 82, 83]",Kepler-15 b,Kepler-15,TIC 27774415,87.44,0.18,-0.2,0.0996,0.00055,-0.00053,12.8,1.2,-1.5,0.06,2454969.328651,8.4e-05,-9.6e-05,3.5,,,0.554,0.023,-0.024,1.1265,0.0,5515.0,4.46,0.992,Transit,host_single
KELT-24,6426,91,93,0.138,0.086,0.082,1.268,0.063,0.063,1.338,0.03,0.032,4.248,0.018,0.021,0.527,0.023,0.023,5.552,0.0319,0.0079,0.0074,0.0665,0.0011,0.0011,4.59,0.18,0.18,1.134,0.026,0.027,88.3,2.9,2.8,2.94,0.14,0.15,1391.0,22.0,23.0,2019AJ....158..197R,2024AJ....168..118G,0.8475336322869954,10.68731683847388,KELT-24,True,10,"[14, 20, 21, 40, 41, 47, 48, 60, 74, 75]",KELT-24 b,KELT-24,TIC 349827430,89.67,0.24,-0.36,0.087024,0.00012,-9.3e-05,10.67,0.15,-0.16,0.0319,2459173.347426,3.4e-05,-3.4e-05,4.3032,0.0038,-0.0038,0.061,0.066,-0.045,0.7573,0.0,6426.0,4.287,1.338,Transit,host_single
HIP_00065,4590,49,49,0.18,0.08,0.08,0.781,0.027,0.027,0.7242,0.0081,0.0091,4.611,0.011,0.01,2.054,0.06,0.052,0.981,0.0,0.02,0.0,0.01782,0.0002,0.00021,3.213,0.078,0.078,2.03,0.61,0.49,20.0,11.0,8.0,0.36,0.46,0.2,1411.0,15.0,15.0,2020A+A...639A..76N,2020A+A...639A..76N,2.8030930682132005,5.291177516085718,HIP 00065,True,9,"[1, 2, 28, 29, 68, 69, 95, 96, 102]",HIP 65 A b,HIP 65 A,TIC 201248411,77.18,0.92,-1.0,0.287,0.088,-0.068,5.289,0.051,-0.045,0.0,2458326.10418,0.00011,-0.00011,0.78576,0.006,-0.006,1.169,0.095,-0.077,8.2,0.0,4590.0,4.611,0.7242,Transit,host_single
TOI-1420,5493,50,50,0.29,0.08,0.08,0.987,0.048,0.048,0.923,0.024,0.024,4.502,0.029,0.029,1.25,0.11,0.11,6.956,0.0,0.17,0.0,0.071,0.0012,0.0012,0.079,0.012,0.012,1.061,0.029,0.029,-1.0,-1.0,-1.0,0.062,0.011,0.011,957.0,17.0,17.0,2023AJ....166..181Y,2023AJ....166..181Y,1.1495124593716142,16.540925309286354,TOI-1420,True,10,"[16, 24, 56, 57, 58, 77, 78, 83, 84, 85]",TOI-1420 b,TOI-1420,TIC 321857016,88.58,0.13,-0.13,0.11816,0.00059,-0.00059,16.53,0.47,-0.47,0.17,2459517.43305,0.00012,-0.00012,3.372,0.15,-0.15,0.412,0.036,-0.036,1.396,0.0,5510.0,4.502,0.923,Transit,host_single
TOI-1431,7690,400,250,0.43,0.2,0.28,1.9,0.1,0.08,1.92,0.07,0.07,4.15,0.04,0.04,0.27,0.04,0.04,2.65,0.01,0.0036,0.009,0.046,0.002,0.002,3.14,0.19,0.18,1.49,0.05,0.05,34.5,0.9,0.9,0.89,0.15,0.13,2390.0,100.0,100.0,2021AJ....162..292A,2021AJ....162..292A,0.7760416666666667,5.15180902862148,TOI-1431,True,9,"[15, 16, 55, 56, 57, 76, 77, 83, 84]",TOI-1431 b,TOI-1431,TIC 375506058,80.13,0.13,-0.13,0.07955,0.00063,-0.00053,5.15,0.05,-0.05,0.0022,2458739.17737,7e-05,-7e-05,2.489,0.009,-0.009,0.881,0.004,-0.004,0.5797,0.0,7690.0,4.15,1.92,Transit,host_single
TOI-1268,5257,40,40,0.17,0.06,0.06,0.9,0.13,0.13,0.86,0.02,0.02,4.52,0.07,0.07,1.4,0.23,0.23,8.158,0.12,0.24,0.12,0.0688,0.0017,0.0019,0.29,0.04,0.04,0.747,0.018,0.018,-1.0,-1.0,-1.0,-1.0,-1.0,-1.0,-1.0,-1.0,-1.0,2022ApJ...926L...7D,2022A+A...662A.107S,0.8686046511627907,17.202562321657812,TOI-1268,True,8,"[15, 21, 22, 41, 48, 49, 75, 76]",TOI-1268 b,TOI-1268,TIC 142394656,88.63,0.32,-0.3,0.091,0.001,-0.001,16.62,0.97,-0.84,0.105,2458711.7477,0.00021,-0.00021,4.001,0.025,-0.024,0.423,0.063,-0.081,0.8186,0.0,5300.0,4.55,0.92,Transit,host_single
KELT-20,8652,160,160,-0.29,0.22,0.36,1.76,0.14,0.2,1.561,0.058,0.064,4.292,0.017,0.02,0.4901,0.0043,0.0044,3.474,0.0,-1.0,-1.0,0.0542,0.0014,0.0021,0.0,3.5,0.0,1.735,0.07,0.075,-1.0,-1.0,-1.0,-1.0,-1.0,-1.0,2261.0,73.0,73.0,2017AJ....154..194L,2024A+A...683A...1S,1.111467008327995,7.466198573301195,KELT-20,True,7,"[14, 40, 41, 54, 74, 75, 81]",KELT-20 b,KELT-20,TIC 69679391,86.12,0.28,-0.27,0.1144,0.00062,-0.00061,7.42,0.13,-0.13,,2457503.120049,0.00019,-0.00019,3.57552,0.02184,-0.02112,0.503,0.025,-0.028,1.309,0.0,8720.0,4.29,1.565,Transit,host_single
HD_017156,6046,76,72,0.208,0.058,0.058,1.285,0.064,0.082,1.517,0.038,0.036,4.207,0.018,0.018,0.366,0.028,0.025,21.216,0.6772,0.0045,0.0044,0.1632,0.0027,0.0027,3.26,0.11,0.11,1.094,0.031,0.03,67.5,3.8,3.6,2.32,0.2,0.17,888.0,12.0,11.0,2007A+A...476L..13B,2023AJ....165..252K,0.7211601845748188,23.13330727500457,HD 017156,True,8,"[18, 19, 25, 52, 59, 73, 79, 86]",HD 17156 b,HD 17156,TIC 302773669,86.51,0.37,-0.34,0.07412,0.00039,-0.0004,23.11,0.56,-0.53,0.6772,2458809.07037,0.00021,-0.00021,3.1505,0.016,-0.015,0.484,0.035,-0.041,0.5493,0.0,6046.0,4.184,1.517,Radial Velocity,host_single
TOI-4153,6860,150,180,0.32,0.1,0.13,1.572,0.064,0.071,1.605,0.048,0.046,4.224,0.024,0.029,0.381,0.031,0.033,4.617,0.039,0.047,0.028,0.06311,0.00084,0.00096,1.15,0.18,0.18,1.438,0.045,0.042,14.7,2.3,2.3,0.36,0.066,0.064,1669.0,29.0,39.0,2024AJ....168...32S,2024AJ....168...32S,0.8959501557632399,8.455246947973711,TOI-4153,True,8,"[53, 58, 59, 60, 73, 78, 79, 85]",TOI-4153 b,TOI-4153,TIC 470171739,88.75,0.76,-0.6,0.0921,0.00039,-0.00033,8.46,0.22,-0.25,0.039,2459557.05746,0.00015,-0.00015,4.5122,0.0178,-0.0144,0.184,0.091,-0.11,0.9323,0.0,6860.0,4.224,1.605,Transit,host_single
KELT-09,9329,118,118,0.14,0.3,0.3,2.26,0.03,0.03,2.28,0.03,0.03,4.037,0.038,0.04,0.164,0.018,0.018,1.481,0.0,0.035,0.0,0.03368,0.00078,0.00078,2.22,0.58,0.58,1.82,0.03,0.03,19.0,2.5,2.4,0.37,0.054,0.05,3921.0,182.0,174.0,2017Natur.546..514G,arXiv:2601.20849,0.7982456140350879,3.1764380427271663,KELT-09,True,6,"[14, 15, 41, 55, 75, 82]",KELT-9 b,KELT-9,TIC 16740101,86.79,0.25,-0.25,0.08228,0.00043,-0.00043,3.153,0.011,-0.011,0.0,2457095.68572,0.00014,-0.00014,3.91584,0.01152,-0.01152,0.177,0.014,-0.014,0.677,0.0,10170.0,4.093,2.362,Transit,host_single
Kepler-1514b,6145,99,80,0.119,0.08,0.075,1.196,0.065,0.063,1.289,0.027,0.026,4.295,0.019,0.019,0.558,0.029,0.028,217.832,0.401,0.013,0.014,0.753,0.013,0.014,5.28,0.22,0.22,1.108,0.023,0.023,106.7,4.3,4.1,3.63,0.2,0.19,379.0,6.0,5.0,2016ApJ...822...86M,2021AJ....161..103D,0.8595810705973624,125.61607281039886,Kepler-1514b,True,8,"[40, 41, 54, 55, 74, 75, 81, 82]",Kepler-1514 b,Kepler-1514,TIC 137685450,89.944,0.013,-0.01,0.08835,0.00014,-0.00015,125.6,2.2,-2.2,0.401,2455071.81411,0.00046,-0.00046,21.32688,0.01848,-0.01872,0.169,0.03,-0.039,0.7805,0.0,6145.0,4.295,1.289,Transit,planet_name
WASP-019,5460,90,90,0.14,0.11,0.11,0.935,0.041,0.041,1.018,0.015,0.015,4.3932,0.0066,0.0066,0.8853,0.006,0.006,0.789,0.00172,0.00035,0.00033,0.01634,0.00024,0.00024,1.139,0.036,0.036,1.41,0.021,0.021,14.21,0.18,0.18,0.38,0.0079,0.0079,2077.0,34.0,34.0,2010ApJ...708..224H,2024A+A...684A..78B,1.3850687622789783,3.45149641866268,WASP-019,True,7,"[9, 36, 62, 63, 89, 90, 99]",WASP-19 b,WASP-19,TIC 35516889,79.08,0.34,-0.37,0.1441,0.00049,-0.0005,3.533,0.048,-0.052,0.0126,2456402.7128,0.0017,-0.0014,1.607,0.007,-0.007,0.6671,0.0087,-0.0091,2.077,0.0,5616.0,4.417,1.006,Transit,host_single
Kepler-423,5560,80,80,-0.1,0.05,0.05,0.85,0.04,0.04,0.95,0.04,0.04,4.41,0.04,0.04,0.991,0.068,0.068,2.684,0.019,0.028,0.014,0.03585,0.00052,0.00114,0.595,0.081,0.081,1.192,0.052,0.052,-1.0,-1.0,-1.0,0.346,0.063,0.063,1605.0,120.0,120.0,2015A+A...576A..11G,2015A+A...576A..11G,1.2547368421052632,8.114629726729374,Kepler-423,True,7,"[40, 41, 54, 55, 74, 75, 81]",Kepler-423 b,Kepler-423,TIC 63452790,87.828,0.126,-0.126,0.12599,0.00024,-0.00024,8.106,0.117,-0.259,0.019,2454966.35480997,2.124e-05,-2.124e-05,2.722,0.0019,-0.0019,0.3006,0.01,-0.01,1.5872,0.0,5560.0,4.41,0.95,Transit,host_single
Kepler-077,5520,60,60,0.2,0.05,0.05,0.95,0.04,0.04,0.99,0.02,0.02,4.42,0.01,0.01,0.967,0.016,0.016,3.579,0.0,0.21,0.0,0.04501,0.00063,0.00063,0.43,0.032,0.032,0.96,0.016,0.016,-1.0,-1.0,-1.0,0.455,0.041,0.041,1440.0,100.0,120.0,2013A+A...557A..74G,2013A+A...557A..74G,0.9696969696969696,9.776355178002753,Kepler-077,True,7,"[40, 41, 54, 55, 74, 75, 81]",Kepler-77 b,Kepler-77,TIC 159098316,88.0,0.11,-0.11,0.09924,0.00026,-0.00026,9.764,0.055,-0.055,0.0,2455095.865727,2.9e-05,-2.9e-05,2.93376,0.00336,-0.00336,0.341,0.017,-0.017,0.9849,0.0,5520.0,4.42,0.99,Transit,host_single
TOI-2154,6280,160,160,0.011,0.071,0.059,1.233,0.077,0.09,1.396,0.049,0.043,4.239,0.042,0.051,0.453,0.06,0.062,3.824,0.12,0.1,0.07,0.0513,0.0011,0.0013,0.92,0.19,0.18,1.453,0.053,0.048,10.8,2.4,2.2,0.279,0.069,0.061,1580.0,27.0,27.0,2023MNRAS.521.2765R,2023MNRAS.521.2765R,1.0408309455587397,7.901964963297329,TOI-2154,True,7,"[40, 52, 53, 59, 60, 79, 86]",TOI-2154 b,TOI-2154,TIC 428787891,83.37,0.55,-0.75,0.10693,0.00095,-0.0009,7.91,0.33,-0.37,0.117,2459148.60166,0.0011,-0.00072,2.465,0.024,-0.024,0.8636,0.0071,-0.0082,1.143,0.0,6280.0,4.239,1.396,Transit,host_single
TOI-2152,6630,300,290,0.282,0.075,0.079,1.516,0.085,0.1,1.612,0.056,0.051,4.205,0.038,0.048,0.362,0.044,0.046,3.377,0.057,0.068,0.04,0.0506,0.0009,0.0011,2.83,0.38,0.37,1.281,0.05,0.046,42.7,6.9,6.5,1.26,0.23,0.22,1802.0,60.0,54.0,2023MNRAS.521.2765R,2023MNRAS.521.2765R,0.7946650124069478,6.749764682660399,TOI-2152,True,7,"[58, 59, 73, 78, 79, 85, 86]",TOI-2152 A b,TOI-2152,TIC 395393265,86.42,1.4,-0.85,0.0816,0.0012,-0.0012,6.76,0.26,-0.31,0.057,2458927.6498,0.00023,-0.00023,3.715,0.041,-0.038,0.415,0.098,-0.18,0.666,0.0,6630.0,4.205,1.612,Transit,host_single
TOI-169,5880,54,79,0.24,0.09,0.09,1.147,0.069,0.075,1.288,0.02,0.019,4.278,0.029,0.033,0.536,0.043,0.043,2.255,0.0,0.12,0.0,0.03524,0.00069,0.00079,0.791,0.064,0.06,1.086,0.081,0.048,16.6,2.6,2.8,0.57,0.11,0.13,1715.0,22.0,20.0,2020A+A...639A..76N,2020A+A...639A..76N,0.8431677018633541,5.88332973811356,TOI-169,True,6,"[13, 27, 28, 67, 68, 95]",TOI-169 b,TOI-169,TIC 183120439,80.98,0.31,-0.38,0.0866,0.0056,-0.0031,5.88,0.15,-0.16,0.0,2458327.44174,0.00065,-0.00066,1.7064,0.0288,-0.0288,0.9221,0.014,-0.0098,0.75,0.0,5880.0,4.278,1.288,Transit,host_single
HATS-06,3770,100,100,0.2,0.091,0.091,0.574,0.02,0.027,0.57,0.011,0.011,4.683,0.01,0.01,3.09,0.11,0.11,3.325,0.0,0.113,0.0,0.03623,0.00042,0.00057,0.319,0.07,0.07,0.998,0.019,0.019,7.9,2.5,1.9,0.301,0.067,0.067,713.0,5.0,5.0,2015AJ....149..166H,2015AJ....149..166H,1.7508771929824565,13.667737563896107,HATS-06,True,5,"[6, 32, 33, 87, 98]",HATS-6 b,HATS-6,TIC 33521996,88.21,0.084,-0.084,0.17978,0.00077,-0.00077,13.65,0.15,-0.15,0.0,2456643.74058,8.4e-05,-8.4e-05,2.04096,0.0108,-0.0108,0.427,0.02,-0.021,3.23,0.0,3724.0,4.683,0.57,Transit,host_single
K2-115,5544,60,60,-0.23,0.04,0.04,0.831,0.023,0.019,0.881,0.049,0.05,4.461,0.057,0.041,1.01,0.31,0.2,20.273,0.137,0.072,0.074,0.1367,0.0012,0.001,0.84,0.18,0.2,1.115,0.057,0.061,-1.0,-1.0,-1.0,0.62,0.23,0.18,682.0,22.0,24.0,2017AJ....154..188S,2017AJ....154..188S,1.2656072644721907,33.36535569481587,K2-115,True,6,"[7, 34, 45, 46, 71, 72]",K2-115 b,K2-115,TIC 7020254,88.912,0.057,-0.075,0.12659,0.00075,-0.00084,35.62,0.91,-1.1,0.063,2457522.07014,0.00017,-0.00017,3.8736,0.0264,-0.0264,0.655,0.018,-0.021,1.603,0.0,5870.0,4.538,0.855,Transit,host_single
Kepler-1654,5597,95,93,-0.088,0.097,0.095,1.011,0.056,0.052,1.179,0.026,0.023,4.3,0.01,0.012,0.621,0.011,0.023,1047.836,-1.0,-1.0,-1.0,2.026,0.037,0.035,-1.0,-1.0,-1.0,0.819,0.019,0.017,-1.0,-1.0,-1.0,-1.0,-1.0,-1.0,206.0,4.0,4.0,2018AJ....155..158B,2018AJ....155..158B,0.6946564885496183,369.5122059338286,Kepler-1654,True,6,"[40, 41, 53, 54, 74, 75]",Kepler-1654 b,Kepler-1654,TIC 123417316,89.982,0.012,-0.017,0.07138,0.00033,-0.00032,370.3,2.2,-4.7,0.26,2455375.1341,0.0014,-0.0015,22.992,0.084,-0.0936,0.114,0.11,-0.079,0.5096,0.0,5597.0,4.3001,1.179,Transit,host_single
HAT-P-12,4665,45,45,-0.2,0.09,0.09,0.691,0.023,0.023,0.679,0.013,0.013,4.614,0.012,0.012,2.205,0.077,0.077,3.213,0.0,-1.0,-1.0,0.03767,0.00063,0.00063,0.201,0.012,0.012,0.919,0.023,0.023,5.89,0.34,0.34,0.242,0.017,0.017,955.0,11.0,11.0,2009ApJ...706..785H,2018A+A...613A..41M,1.353460972017673,11.929685615921386,HAT-P-12,True,5,"[23, 49, 50, 76, 77]",HAT-P-12 b,HAT-P-12,TIC 198108326,89.0,0.4,-0.4,0.1406,0.0013,-0.0013,11.77,0.15,-0.21,0.0,2454419.19556,0.0002,-0.0002,2.3376,0.0144,-0.0144,0.211,0.066,-0.078,1.977,0.0,4650.0,4.61,0.701,Transit,host_single
TOI-1518,7300,100,100,-0.1,0.12,0.12,1.79,0.26,0.26,1.95,0.048,0.048,4.1,0.2,0.2,-1.0,-1.0,-1.0,1.903,0.0,0.01,0.0,0.0389,0.0011,0.0011,0.0,2.3,0.0,1.875,0.053,0.053,-1.0,-1.0,-1.0,-1.0,-1.0,-1.0,2492.0,38.0,38.0,2021AJ....162..218C,2021AJ....162..218C,0.9615384615384616,4.289613296874927,TOI-1518,True,5,"[57, 58, 77, 84, 85]",TOI-1518 b,TOI-1518,TIC 427761355,77.626,0.097,-0.097,0.09939,0.0005,-0.00051,4.109,0.021,-0.02,,2459983.791942,6.6e-05,-6.6e-05,2.395,0.0082,-0.0079,0.8806,0.0025,-0.0027,0.988,0.0,7299.0,4.136,1.942,Transit,host_single
KELT-18,6670,120,120,0.09,0.13,0.13,1.524,0.069,0.068,1.908,0.042,0.035,4.06,0.01,0.014,0.22,0.005,0.01,2.872,0.0,0.27,0.0,0.0455,0.00067,0.00069,1.18,0.11,0.11,1.57,0.042,0.036,11.8,1.1,1.1,0.284,0.03,0.03,2085.0,39.0,38.0,2017AJ....153..263M,2017AJ....153..263M,0.8228511530398324,5.127860230840083,KELT-18,True,5,"[23, 48, 50, 75, 77]",KELT-18 b,KELT-18,TIC 293687315,88.86,0.79,-1.2,0.08462,0.00091,-0.00091,5.138,0.038,-0.078,0.0,2457542.52504,0.00039,-0.00039,4.644,0.0264,-0.024,0.102,0.1,-0.071,0.716,0.0,6670.0,4.0599,1.908,Transit,host_single
KELT-17,7454,49,49,-0.018,0.074,0.072,1.635,0.066,0.061,1.645,0.06,0.055,4.22,0.022,0.024,0.367,0.032,0.03,3.08,0.0,0.39,0.0,0.04881,0.00065,0.00061,1.31,0.28,0.29,1.507,0.055,0.055,13.9,3.2,3.1,0.35,0.09,0.08,2087.0,32.0,33.0,2016AJ....152..136Z,2022MNRAS.513.2822G,0.9161094224924012,6.380372848937064,KELT-17,True,5,"[44, 45, 46, 71, 72]",KELT-17 b,KELT-17,TIC 6893917,84.87,0.45,-0.43,0.09526,0.00088,-0.00085,6.38,0.18,-0.18,,2457226.142194,0.00033,-0.00033,3.4752,0.0336,-0.0312,0.57,0.031,-0.035,0.907,0.0,7454.0,4.22,1.645,Transit,host_single
K2-030,5582,39,39,0.137,0.031,0.031,0.984,0.02,0.02,0.941,0.038,0.038,4.484,0.039,0.039,1.18,0.15,0.15,4.099,0.026,0.038,0.02,0.04986,0.00033,0.00033,0.625,0.03,0.03,1.197,0.052,0.052,-1.0,-1.0,-1.0,0.363,0.055,0.055,1152.0,19.0,19.0,2016A+A...594A..50L,2016A+A...594A..50L,1.2720510095642934,11.393726851193655,K2-030,True,5,"[42, 43, 44, 70, 71]",K2-30 b,K2-30,TIC 26017005,86.92,0.26,-0.24,0.1266,0.0015,-0.0016,12.34,0.42,-0.38,0.0,2457063.80714,0.0001,-0.0001,2.3208,0.024,-0.024,0.662,0.03,-0.036,1.603,0.0,5425.0,4.54,0.844,Transit,host_single
TOI-181,4820,80,80,0.14,0.05,0.05,0.802,0.021,0.021,0.75,0.007,0.007,4.59,0.03,0.03,1.91,0.09,0.09,4.532,0.0,0.12,0.0,0.049,0.002,0.002,0.157,0.021,0.02,0.598,0.018,0.018,9.4,0.3,1.4,0.69,0.11,0.11,895.0,32.0,34.0,2023MNRAS.521.1066M,arXiv:2602.18553,0.7973333333333333,14.04875922935388,TOI-181,True,4,"[2, 29, 69, 96]",TOI-181 b,TOI-181,TIC 76923707,88.28,0.32,-0.34,0.0854,0.001,-0.001,15.5641,1.25,-1.06,0.1543,2458358.12,0.00027,-0.00026,1.99,0.23,-0.21,0.5348,0.05,-0.07,0.73,0.0,4994.0,4.608,0.745,Transit,host_single
K2-114,5014,60,60,0.41,0.04,0.04,0.832,0.021,0.018,0.828,0.026,0.022,4.481,0.044,0.051,1.3,0.23,0.21,11.391,0.0,-1.0,-1.0,0.09309,0.00066,0.00059,1.85,0.23,0.22,0.942,0.032,0.02,-1.0,-1.0,-1.0,2.25,0.35,0.34,719.0,15.0,11.0,2017AJ....154..188S,2017AJ....154..188S,1.1376811594202898,24.17552123374284,K2-114,True,5,"[7, 44, 45, 46, 72]",K2-114 b,K2-114,TIC 366576758,89.16,0.18,-0.13,0.1167,0.0013,-0.0014,24.4,0.67,-0.66,0.079,2457687.08869,0.00016,-0.00016,3.9696,0.0288,-0.0288,0.378,0.061,-0.085,1.361,0.0,4899.0,4.534,0.832,Transit,host_single
HAT-P-39,6340,100,100,0.19,0.1,0.1,1.404,0.051,0.051,1.625,0.081,0.062,4.16,0.03,0.03,-1.0,-1.0,-1.0,3.544,0.0,-1.0,-1.0,0.0509,0.0006,0.0006,0.599,0.099,0.099,1.571,0.108,0.081,5.9,1.3,1.3,0.14,0.03,0.03,1752.0,43.0,43.0,2012AJ....144..139H,2012AJ....144..139H,0.9667692307692308,6.735464785941404,HAT-P-39,True,5,"[44, 45, 46, 71, 72]",HAT-P-39 b,HAT-P-39,TIC 14770122,87.0,1.0,-1.0,0.0993,0.0025,-0.0025,6.74,0.25,-0.25,0.0,2455208.75049,0.00041,-0.00041,4.188,0.0408,-0.0408,0.349,0.085,-0.12,0.999,0.0,6430.0,4.16,1.625,Transit,host_single
TOI-4994,5640,110,110,0.165,0.083,0.084,1.005,0.064,0.061,1.055,0.04,0.037,4.393,0.045,0.046,0.86,0.12,0.11,21.492,0.319,0.048,0.047,0.1515,0.0032,0.0031,0.28,0.037,0.034,0.762,0.03,0.027,11.9,2.1,1.9,0.59,0.12,0.11,718.0,10.0,10.0,2025AJ....169...72R,2025AJ....169...72R,0.7222748815165877,30.87900701103268,TOI-4994,True,6,"[66, 67, 93, 94, 100, 101]",TOI-4994 b,TOI-4994,TIC 277128619,89.56,0.29,-0.32,0.07424,0.00078,-0.00068,30.9,1.4,-1.4,0.319,2459965.47035,0.00042,-0.00041,4.452,0.031,-0.026,0.18,0.14,-0.12,0.551,0.0,5640.0,4.393,1.055,Transit,host_single
WASP-064,5550,150,150,-0.08,0.11,0.11,1.004,0.028,0.028,1.058,0.025,0.025,4.392,0.016,0.016,0.849,0.053,0.044,1.573,0.0,0.132,0.0,0.02648,0.00024,0.00024,1.271,0.068,0.068,1.271,0.039,0.039,19.6,1.4,1.3,0.619,0.064,0.052,1689.0,49.0,49.0,2013A+A...552A..82G,2013A+A...552A..82G,1.2013232514177692,5.38189804203094,WASP-064,True,5,"[6, 7, 33, 34, 87]",WASP-64 b,WASP-64,TIC 52640302,86.57,0.8,-0.6,0.1234,0.0011,-0.0011,5.39,0.11,-0.09,0.0,2455582.60169,0.00027,-0.00027,2.39976,0.01104,-0.01104,0.322,0.048,-0.068,1.522,0.0,5400.0,4.392,1.058,Transit,host_single
WASP-045,5100,200,200,0.36,0.12,0.12,0.904,0.067,0.067,0.917,0.024,0.024,4.47,0.014,0.014,1.174,0.047,0.047,3.126,0.0,-1.0,-1.0,0.0405,0.001,0.001,1.002,0.062,0.062,0.992,0.038,0.038,25.2,1.3,1.3,0.959,0.077,0.077,1170.0,24.0,24.0,2012MNRAS.422.1988A,2016MNRAS.456..990C,1.0817884405670666,9.497052535811632,WASP-045,True,4,"[2, 29, 69, 96]",WASP-45 b,WASP-45,TIC 120610833,85.02,0.2,-0.22,0.1137,0.0029,-0.0022,9.97,0.3,-0.31,,2458339.143039,0.000312,-0.00031,1.6824,0.0312,-0.0312,0.866,0.013,-0.012,1.29,0.0,5150.0,4.503,0.855,Transit,host_single
HAT-P-20,4595,45,45,0.22,0.09,0.09,0.748,0.042,0.042,0.68,0.006,0.006,4.643,0.02,0.02,1.67,0.11,0.11,2.876,0.0172,0.0016,0.0016,0.03593,0.00029,0.00029,7.22,0.36,0.36,1.025,0.053,0.053,170.2,7.6,7.3,6.26,0.29,0.29,964.0,10.0,10.0,2011ApJ...742..116B,2017A+A...601A..53E,1.5073529411764703,11.361912945168472,HAT-P-20,True,5,"[44, 45, 46, 71, 72]",HAT-P-20 b,HAT-P-20,TIC 26826078,86.8,0.2,-0.2,0.1284,0.0016,-0.0016,11.17,0.29,-0.29,0.015,2455080.92661,0.00021,-0.00021,1.848,0.0192,-0.0192,0.631,0.025,-0.028,0.9898,0.0,4595.0,4.63,0.694,Transit,host_single
KELT-21,7598,81,84,-0.405,0.032,0.033,1.458,0.029,0.028,1.638,0.034,0.034,4.173,0.015,0.014,0.332,0.018,0.017,3.613,0.0,-1.0,-1.0,0.05224,0.00035,0.00034,0.0,3.9,0.0,1.61,0.034,0.034,0.0,38.9,0.0,0.0,0.93,0.0,2051.0,29.0,30.0,2018AJ....155..100J,2022MNRAS.513.2822G,0.9829059829059832,6.8579201441041215,KELT-21,True,5,"[41, 55, 75, 81, 82]",KELT-21 b,KELT-21,TIC 203189770,86.46,0.38,-0.34,0.09952,0.00071,-0.00073,6.86,0.13,-0.12,0.0,2457295.93434,0.00041,-0.00042,4.10544,0.02184,-0.02208,0.423,0.033,-0.039,0.99,0.0,7598.0,4.173,1.638,Transit,host_single
WASP-170,5600,150,150,0.22,0.09,0.09,0.93,0.15,0.15,0.938,0.056,0.061,4.466,0.031,0.031,1.121,0.093,0.076,2.345,0.0,-1.0,-1.0,0.0337,0.0018,0.0018,1.6,0.2,0.2,1.096,0.085,0.085,34.7,4.2,3.8,1.21,0.24,0.19,1422.0,42.0,42.0,2019AJ....157...43B,2019AJ....157...43B,1.168443496801706,7.725564368868181,WASP-170,True,5,"[35, 61, 62, 89, 99]",WASP-170 b,WASP-170,TIC 118956453,84.87,0.28,-0.28,0.1175,0.0041,-0.0041,7.71,0.21,-0.18,,2457802.3915,0.0002,-0.0002,2.04,0.024,-0.024,0.689,0.021,-0.021,1.382,0.0,5600.0,4.466,0.938,Transit,host_single
